uniqueid,title,start_academic_month,start_academic_year,end_academic_month,end_academic_year,first_author,second_author,third_author,other_authors,is_student_author,student_name,student_batch,specification,publication_type,publication_name,publisher,year_of_publishing,month_of_publishing,volume,page_number,indexing,quartile,citation,doi,front_page_path,url,ISSN,verified,admin_verified,impact_factor
2017apWOIcD,"Estimation of Glottal Closure Instants from Degraded Speech using a Phase-Difference-Based Algorithm",JUL,2017,JUN,2018,"G. Anushiya Rachel, P. Vijayalakshmi, T. Nagarajan",NULL,NULL,NULL,False,NULL,NULL,article,Journal,"Computer, Speech, and Language",NULL,2017,11,46,136-153,"Scopus, Web of Sciences",Q1,NULL,10.1016/j.csl.2017.05.008,NULL,https://doi.org/10.1016/j.csl.2017.05.008,0885-2308,False,False,3.1
2017BWoyzdV,"Implementation and Analysis of LPWAN Technology using LoRa Architecture",JUL,2017,JUN,2018,"M.Srisivanandhini and Dr. S.Chithra",NULL,NULL,NULL,False,NULL,NULL,article,Journal,"International Journal of Engineering Technology Science and Research",NULL,2017,10,NULL,NULL,NULL,NULL,NULL,NULL,NULL,NULL,NULL,False,False,NULL
2017CHyvsOA,"Study of landslide-prone area detection using remote sensing techniques",JUL,2017,JUN,2018,"Sharmila R, Sree Sharmila T,",NULL,NULL,NULL,False,NULL,NULL,article,Journal,"International Journal of Innovations & Advancement in Computer Science",NULL,2017,8,NULL,NULL,"Scopus, Web of Sciences",Q4,NULL,NULL,NULL,NULL,NULL,False,False,NULL
2017DKuPiNW,"SET and SEU performance of Single, Double, Triple and Quadruple-Gate Junctionless FETs Using Numerical Simulations",JUL,2017,JUN,2018,"N. Vinodhkumar, and R. Srinivasan",NULL,NULL,NULL,False,NULL,NULL,article,Journal,"Microelectronics Journal",NULL,2017,9,67,38-42,"Scopus, Web of Sciences",Q2,NULL,10.1016/j.mejo.2017.07.008,NULL,https://www.sciencedirect.com/journal/microelectronics-journal,0959-8324,False,False,2.2
2017hHQxQUB,"Cluster-chain mobile agent routing algorithm for efficient data aggregation in wireless sensor network",JUL,2017,JUN,2018,"Sasirekha Selvakumar, and Sankaranarayanan Swamynathan",NULL,NULL,NULL,False,NULL,NULL,article,Journal,"Journal of Communications and Networks",NULL,2017,8,19,392-401,"Scopus, Web of Sciences",Q1,NULL,10.1109/JCN.2017.000063,NULL,https://www.jcn.or.kr/html/,1229-2370,False,False,3.6
2017IPxpuBk,"Condition Monitoring of Small Wind Turbines using IoT (A- Statistical Survey and Analysis)",JUL,2017,JUN,2018,"Yoganand.S and Dr.S.Chithra",NULL,NULL,NULL,False,NULL,NULL,article,Journal,",",NULL,2017,7,6,NULL,"Scopus, Web of Sciences",Q4,NULL,NULL,NULL,https://future-in-tech.net/,1814-0424,False,False,NULL
2017KdHqYxW,"Performance optimisation of junctionless FET in nano regime using segmented channel - A 3D numerical simulation study",JUL,2017,JUN,2018,"S. Priscilla Scarlet, B. Prasannanjaneyulu,R. Srinivasan",NULL,NULL,NULL,False,NULL,NULL,article,Journal,"Superlattices and Microstructures",NULL,2017,11,111,1233-1243,NULL,NULL,NULL,10.1016/j.spmi.2017.08.031,NULL,https://www.sciencedirect.com/journal/superlattices-and-microstructures,10963677,False,False,NULL
2017nvJAajj,"Sensitivity of Silicon Nanotube Field Effect Transistor to Structural Process Parameters",JUL,2017,JUN,2018,"R. Ambika, R. Srinivasan",NULL,NULL,NULL,False,NULL,NULL,article,Journal,"Journal of nanoelectronics and optoelectronics",NULL,2017,10,12,1098-1104,"Scopus, Web of Sciences",NULL,NULL,10.1166/jno.2017.2150,NULL,http://www.aspbs.com/jno.htm,15551318,False,False,1.069
2017PsJtkHv,"Nanoscale Junctionless Devices Using RingFET Structure on Bulk Silicon Substrate",JUL,2017,JUN,2018,"Scarlet, S, P, Srinivasan, R and Sasikala, P",NULL,NULL,NULL,False,NULL,NULL,article,Journal,"International Journal of Electronic Letters",NULL,2017,10,6,468-480,"Web of Sciences",Q3,NULL,10.1080/21681724.2017.1382003,NULL,https://www.tandfonline.com/toc/tetl20/current,21681732,False,False,NULL
2017rllarus,"An Applications Interoperability Model for heterogeneous Internet of Things Environments",JUL,2017,JUN,2018,"R. Vinob chander, Saswati Mukherjee, Susan Elias",NULL,NULL,NULL,False,NULL,NULL,article,Journal,"Computers and Electrical Engineering",NULL,2017,11,64,163-172,"Scopus, Web of Sciences",Q1,NULL,10.1016/j.compeleceng.2016.12.029,NULL,https://doi.org/10.1016/j.compeleceng.2016.12.029,1879-0755,False,False,4
2017tfbKvTl,"Rubik’s cube solution in augmented reality environment",JUL,2017,JUN,2018,"Sree Sharmila T, Pavithra L K, Aneerudh P",NULL,NULL,NULL,False,NULL,NULL,article,Journal,"International Journal of Computer and Mathematical Sciences",NULL,2017,8,NULL,NULL,"Scopus, Web of Sciences",Q4,NULL,NULL,NULL,https://future-in-tech.net/,1814-0424,False,False,NULL
2017WjSTwLg,"Color clustering based color feature extraction in content based image retrieval",JUL,2017,JUN,2018,"G.S.Priyadharsini, T. Sree Sharmila, L.K. Pavithra",NULL,NULL,NULL,False,NULL,NULL,article,Journal,"International Journal of Computer and Mathematical Sciences",NULL,2017,8,NULL,NULL,"Scopus, Web of Sciences",Q4,NULL,NULL,NULL,https://future-in-tech.net/,1814-0424,False,False,NULL
2018BALgHXx,"An Analysis of The Effect of Combining Standard and Alternate Sensor Signals on Recognition of Syllabic Units for Multimodal Speech Recognition",JUL,2018,JUN,2019,"N. Radha, A. Shahina,,P. Prabha, B.T. Preethi Sri, A. Nayeemulla Khan",NULL,NULL,NULL,False,NULL,NULL,article,Journal,"Pattern Recognition Letters",NULL,2018,11,115,39-49,"Scopus, Web of Sciences",Q1,NULL,10.1016/j.patrec.2017.10.011,NULL,https://www.sciencedirect.com/journal/pattern-recognition-letters,1678655,False,False,5.1
2018biMojKL,"MutatedSocioAgentSim (MSAS): semisupervised modelling of multiagent simulation to predict and detect the mutation in a camouflaged social network",JUL,2017,JUN,2018,"SUBBARAJ, KARTHIKA and SUNDAN, BOSE",NULL,NULL,NULL,False,NULL,NULL,article,Journal,"Turkish Journal of Electrical Engineering and Computer Sciences",NULL,2018,3,26,961-973,"Scopus, Web of Sciences",NULL,NULL,10.3906/elk-1711-228,NULL,https://journals.tubitak.gov.tr/elektrik/vol26/iss2/27,1300-0632,False,False,1.1
2018dKMvlQG,"State of Art: Vertical Handover Decision Schemes in Next-Generation Wireless Network",JUL,2017,JUN,2018,"E. M. Malathy, Vijayalakshmi Muthuswamy",NULL,NULL,NULL,False,NULL,NULL,article,Journal,"Journal of Communications and Information Networks",NULL,2018,3,3,43-52,"Web of Sciences",Q2,NULL,10.1007/s41650-018-0009-2,NULL,https://link.springer.com/journal/41650/volumes-and-issues,2509-3312,False,False,NULL
2018enhVCvY,"A Working Model for Mobile Charging using Wireless Power Transmission",JUL,2018,JUN,2019,"I Joe Louis Paul, S Sasirekha, D Naveen Kumar, P S Revanth",NULL,NULL,NULL,False,NULL,NULL,article,Journal,"International Journal of Engineering & Technology",NULL,2018,7,7,584-588,Scopus,NULL,NULL,10.14419/ijet.v7i3.12.16434,NULL,https://www.sciencepubco.com/index.php/ijet,NULL,False,False,0
2018FTJvYAH,"Mobile Application For Out-Pass Generation",JUL,2018,JUN,2019,"S. Swarnalatha, R. S. Shrikanth, I. Kesavarthini, S. Poornima, N. Sripriya",NULL,NULL,NULL,False,NULL,NULL,article,Journal,"International Journal Of Current Engineering And Scientific Research",NULL,2018,7,5,43-48,NULL,NULL,NULL,NULL,NULL,https://troindia.in/journal/ijcesr/content.html,2394-0697,False,False,0
2018goEzmOt,"Disc bulge diagnostic model in axial lumbar MR images using Intervertebral disc Descriptor (IdD)",JUL,2018,JUN,2019,"Beulah, T. Sree Sharmila and V. K. Pramod",NULL,NULL,NULL,False,NULL,NULL,article,Journal,"Multimedia Tools and Applications",NULL,2018,10,77,NULL,"Scopus, Web of Sciences",Q1,NULL,10.1007/s11042-018-5914-8,NULL,https://www.springer.com/journal/11042,13807501,False,False,3.6
2018HoZljIS,"A Smart Watchdog - Intruder Detection System",JUL,2018,JUN,2019,"A Sesupriya & Soundarya, Dr P Vasuki",NULL,NULL,NULL,False,NULL,NULL,article,Journal,"International Journal of Engineering & Technology",NULL,2018,9,7,231-233,Scopus,NULL,NULL,10.14419/ijet.v7i3.34.18971,NULL,https://www.sciencepubco.com/index.php/ijet/about,NULL,False,False,0
2018hXZZvTz,"Video Redundancy Investigation and Cooperative Cache Model in Wireless Network",JUL,2018,JUN,2019,"Malathy, E.M., Radha, N.",NULL,NULL,NULL,False,NULL,NULL,inbook,"Book Chapter",NULL,NULL,2018,8,40,NULL,Scopus,Q4,NULL,10.1007/978-981-13-0586-3,NULL,https://doi.org/10.1007/978-981-13-0586-3,2367-3370,False,False,NULL
2018joiahxe,"Heavy Ion Impact on Narrow Band Low Noise AMplifier",JUL,2018,JUN,2019,"P Rajendran, R Srinivasan",NULL,NULL,NULL,False,NULL,NULL,article,Journal,"Microelectronics Reliability",NULL,2018,12,91,31-37,"Scopus, Web of Sciences",Q2,NULL,10.1016/j.microrel.2018.08.001,NULL,https://www.sciencedirect.com/journal/microelectronics-reliability,262714,False,False,1.6
2018jWmkcWh,"Text to Speech Conversion of Documents using Concatenative Speech Synthesis",JUL,2017,JUN,2018,"Neharika.S, N. Radha",NULL,NULL,NULL,False,NULL,NULL,article,Journal,"International Journal on Future Revolution in computer science and communication engineering",NULL,2018,2,4,122-125,"Web of Sciences",NULL,NULL,NULL,NULL,NULL,NULL,False,False,NULL
2018jYxsxhP,"Outlier Detection using Clustering Techniques",JUL,2018,JUN,2019,"Srividya, Mohanavalli, S., Sripriya, N., & Poornima, S",NULL,NULL,NULL,False,NULL,NULL,article,Journal,"International Journal of Engineering & Technology",NULL,2018,7,7,813-818,Scopus,NULL,NULL,10.14419/ijet.v7i3.12.16508,NULL,https://www.sciencepubco.com/index.php/ijet/about,NULL,False,False,0
2018kxmHXsv,"An Empirical study of feature selection methods over classification algorithms",JUL,2017,JUN,2018,"N. Bhalaji; K.B. Sundhara Kumar; Chithra Selvaraj",NULL,NULL,NULL,False,NULL,NULL,article,Journal,"International Journal of Intelligent Systems Technologies and Applications (IJISTA)",NULL,2018,5,17,98-108,"Web of Sciences",Q3,NULL,10.1504/IJISTA.2018.091590,NULL,https://www.inderscienceonline.com/journal/ijista,1740-8874,False,False,NULL
2018leHBoay,"Performance analysis of IoT protocol under different mobility models",JUL,2018,JUN,2019,"K. Kabilan ∗, N. Bhalaji , Chithra Selvaraj , Mahesh Kumaar B , Karthikeyan P T R",NULL,NULL,NULL,False,NULL,NULL,article,Journal,"Computer and Electrical Engineering",NULL,2018,11,72,154-168,"Scopus, Web of Sciences",Q1,NULL,10.1016/j.compeleceng.2018.09.007,NULL,https://www.sciencedirect.com/journal/computers-and-electrical-engineering,457906,False,False,4.3
2018LlONekW,"A wavelet transform based contrast enhancement method for underwater acoustic images",JUL,2018,JUN,2019,"Priyadharsini R, T. Sree Sharmila, V. Rajendran",NULL,NULL,NULL,False,NULL,NULL,article,Journal,"Multidimensional Systems and Signal Processing",NULL,2018,10,29,NULL,"Scopus, Web of Sciences",Q1,NULL,10.1007/s11045-017-0533-5,NULL,https://link.springer.com/journal/11045,15730824,False,False,2.5
2018oAMsxhP,"A Lightweight Trust Scheme for Iot.",JUL,2018,JUN,2019,"S. ChithraA, Dr; N. Bhalaji, Dr; Nandhini, S.",NULL,NULL,NULL,False,NULL,NULL,article,Journal,"Journal of Engineering & Technology",NULL,2018,9,7,241-244,Scopus,NULL,NULL,10.14419/ijet.v7i3.34.18974,NULL,https://www.sciencepubco.com/index.php/ijet/about,NULL,False,False,0
2018OpyDtwQ,"A Generic Context-Aware Service Discovery Architecture for IoT Services",JUL,2018,JUN,2019,"Sasirekha, S., Swamynathan, S., Keerthana, S. (",NULL,NULL,NULL,False,NULL,NULL,inbook,"Book Chapter",NULL,NULL,2018,12,808,273-283,Scopus,Q3,8,10.1007/978-981-10-7635-0,NULL,https://doi.org/10.1007/978-981-10-7635-0,18650937,False,False,NULL
2018OrTKtVk,"Identification of Trending Topics Using Periodically Collected Twitter Data",JUL,2018,JUN,2019,"Ranjini V, Soundarya R, S Karthika, S Mohanavalli, Srividhya.",NULL,NULL,NULL,False,NULL,NULL,article,Journal,"International Journal of Engineering & Technology",NULL,2018,7,7,205-208,Scopus,NULL,NULL,10.14419/ijet.v7i3.12.16025,NULL,https://www.sciencepubco.com/index.php/ijet,NULL,False,False,0
2018PFXqyfp,"Behavioral Modeling for Mental Health using Machine Learning Algorithms",JUL,2017,JUN,2018,"Ms. Srividya , Dr. S. Mohanavalli , Dr. N. Bhalaji",NULL,NULL,NULL,False,NULL,NULL,article,Journal,"Journal of Medical Systems",NULL,2018,4,42,NULL,"Scopus, Web of Sciences",Q1,NULL,10.1007/s10916-018-0934-5,NULL,https://www.springer.com/journal/10916,1485598,False,False,2.456
2018PiNtpYX,"Improving Recognition of Speech System Using Multimodal Approach",JUL,2018,JUN,2019,"Radha, N., Shahina, A., Nayeemulla Khan, A.",NULL,NULL,NULL,False,NULL,NULL,inbook,"Book Chapter",NULL,NULL,2018,11,56,NULL,Scopus,Q4,3,10.1007/978-981-13-2354-6,NULL,https://doi.org/10.1007/978-981-13-2354-6,2367-3370,False,False,NULL
2018pMkRtFg,"Enhanced Portable Text To Speech Converter For Visually Impaired",JUL,2017,JUN,2018,"Chithra Selvaraj; N. Bhalaji",NULL,NULL,NULL,False,NULL,NULL,article,Journal,"International Journal of Intelligent Systems Technologies and Applications",NULL,2018,5,17,42-54,"Web of Sciences",Q3,NULL,10.1504/IJISTA.2018.091586,NULL,https://www.inderscience.com/jhome.php?jcode=ijista,1740-8873,False,False,NULL
2018PYiMCJw,"Reliability score inference and recommendation using fuzzy-based technique for social media applications",JUL,2018,JUN,2019,"Shanmugapriya, T., and S. Swamynathan",NULL,NULL,NULL,False,NULL,NULL,article,Journal,"Soft Computing",NULL,2018,12,22,NULL,"Scopus, Web of Sciences",Q1,NULL,10.1007/s00500-017-2774-5,NULL,https://www.springer.com/journal/500,14327643,False,False,4.1
2018rafDFmP,"Categorisation of Tweets Using Ensemble Classification Methods",JUL,2018,JUN,2019,"S. Mohanavalli, S. Karthika, Srividya, K.R.Uthayan, N. Sandya",NULL,NULL,NULL,False,NULL,NULL,article,Journal,"International Journal of Engineering & Technology",NULL,2018,7,7,722-725,Scopus,NULL,NULL,10.14419/ijet.v7i3.12.16463,NULL,https://www.sciencepubco.com/index.php/ijet/about,NULL,False,False,0
2018rhJoMUz,"Analysis of machine learning algorithm for identifying key actors in covert networks",JUL,2017,JUN,2018,"Geetha R.* and Karthika Veera",NULL,NULL,NULL,False,NULL,NULL,article,Journal,"Disaster Advances",NULL,2018,2,11,19-28,"Scopus, Web of Sciences",Q4,NULL,NULL,NULL,NULL,NULL,False,False,NULL
2018RuXqoPA,"Speech-Input Speech-Output Communication for Dysarthric Speakers Using HMM-Based Speech Recognition and Adaptive Synthesis System.",JUL,2017,JUN,2018,"M. Dhanalakshmi, T. A. Mariya Celin, T. Nagarajan & P. Vijayalakshmi",NULL,NULL,NULL,False,NULL,NULL,article,Journal,"Circuits Syst Signal Process",NULL,2018,2,37,NULL,"Scopus, Web of Sciences",Q1,NULL,10.1007/s00034-017-0567-9,NULL,https://www.springer.com/journal/34,NULL,False,False,2.3
2018siLZyCI,"A Multilingual to Polyglot Speech Synthesizer for Indian Languages Using a Voice-Converted Polyglot Speech Corpus",JUL,2017,JUN,2018,"P. Vijayalakshmi, B. Ramani, M. P. Actlin Jeeva, T. Nagarajan,",NULL,NULL,NULL,False,NULL,NULL,article,Journal,"Circuits, Systems and Signal Processing",NULL,2018,5,37,NULL,"Scopus, Web of Sciences",Q1,NULL,10.1007/s00034-017-0654-y,NULL,https://www.springer.com/journal/34,NULL,False,False,2.3
2018sjTQOEI,"Optic disc and cup segmentation in fundus retinal images using feature detection and morphological techniques",JUL,2018,JUN,2019,"R. Priyadharsini, A. Beulah and T. Sree Sharmila",NULL,NULL,NULL,False,NULL,NULL,article,Journal,"Current Science",NULL,2018,8,115,748-752,"Scopus, Web of Sciences",Q2,NULL,NULL,NULL,https://www.jstor.org/journal/currentscience,113891,False,False,1.102
2018skoPrDT,"Automatic Gender recognition using ANFIS",JUL,2017,JUN,2018,"Jeyaaishwarya, N. Radha",NULL,NULL,NULL,False,NULL,NULL,article,Journal,"International Journal on Future Revolution in computer science and communication engineering",NULL,2018,2,4,130-134,"Web of Sciences",NULL,NULL,NULL,NULL,NULL,2454-4248,False,False,NULL
2018tnzlDbL,"A Dual Protocol Stack for Intelligent Traffic Monitoring System",JUL,2018,JUN,2019,"Sasirekha, S., Swamynathan, S.",NULL,NULL,NULL,False,NULL,NULL,inbook,"Book Chapter",NULL,NULL,2018,8,876,NULL,Scopus,Q3,NULL,10.1007/978-981-13-1423-0,NULL,https://doi.org/10.1007/978-981-13-1423-0,18650937,False,False,NULL
2018TuVevMk,"Pause-Based Phrase Extraction and Effective OOV Handling for Low-Resource Machine Translation Systems",JUL,2018,JUN,2019,"K. Mrinalini, T. Nagarajan, P. Vijayalakshmi",NULL,NULL,NULL,False,NULL,NULL,article,Journal,"ACM Transactions on Asian and Low Resource Language Information Processing",NULL,2018,12,18,NULL,"Scopus, Web of Sciences",Q2,NULL,10.1145/3265751,NULL,https://dl.acm.org/journal/tallip,23754699,False,False,2
2018VvBYwAa,"Real time blink recognition from various head pose using single eye",JUL,2018,JUN,2019,"John, S.J. & Sharmila, S.T.",NULL,NULL,NULL,False,NULL,NULL,article,Journal,"Multimedia Tools and Applications",NULL,2018,12,77,NULL,"Scopus, Web of Sciences",Q1,NULL,10.1007/s11042-018-6113-3,NULL,https://www.springer.com/journal/11042,1380-7501,False,False,3.6
2018WpVbBxM,"A Comparative Evaluation of QoS-Based Network Selection Between TOPSIS and VIKOR",JUL,2018,JUN,2019,"Malathy, E.M., Muthuswamy, V. (2019)",NULL,NULL,NULL,False,NULL,NULL,inbook,"Book Chapter",NULL,NULL,2018,11,56,NULL,Scopus,Q4,2,10.1007/978-981-13-2354-6,NULL,https://doi.org/10.1007/978-981-13-2354-6,2367-3370,False,False,NULL
2018XHjxFfC,"Embodied Conversational Agent-based Control Interfaces for Home Automation System",JUL,2017,JUN,2018,"Nikitha V, N. Radha",NULL,NULL,NULL,False,NULL,NULL,article,Journal,"International Journal on Future Revolution in computer science and communication engineering",NULL,2018,2,4,126-129,"Web of Sciences",NULL,NULL,NULL,NULL,NULL,NULL,False,False,NULL
2018yhTFbDb,"An efficient framework for image retrieval using color, texture and edge features",JUL,2018,JUN,2019,"L.K. Pavithra, T. Sree Sharmila",NULL,NULL,NULL,False,NULL,NULL,article,Journal,"Computers and Electrical Engineering",NULL,2018,8,70,580-593,"Scopus, Web of Sciences",Q1,NULL,10.1016/j.compeleceng.2017.08.030,NULL,https://www.sciencedirect.com/journal/computers-and-electrical-engineering,457906,False,False,4.3
2018YSuixXZ,"Significance of Differenced EGG Signal as a Spectrum in Phase Difference Computation for the Estimation of Glottal Closure Instants",JUL,2017,JUN,2018,"Anushiya Rachel, G., Sripriya, N., Vijayalakshmi, P. et al.",NULL,NULL,NULL,False,NULL,NULL,article,Journal,"Circuits Syst Signal Process",NULL,2018,5,37,NULL,"Scopus, Web of Sciences",Q1,NULL,10.1007/s00034-017-0654-y,NULL,https://www.springer.com/journal/34,NULL,False,False,2.3
2019acVTxNi,"Single-event radiation performance analysis of junction and junctionless FET-based low-noise amplifiers",JUL,2019,JUN,2020,"P. Rajendiran, R. Srinivasan",NULL,NULL,NULL,False,NULL,NULL,article,Journal,"Journal of Computational Electronics",NULL,2019,12,18,NULL,"Scopus, Web of Sciences",Q2,NULL,10.1007/s10825-019-01370-y,NULL,https://www.springer.com/journal/10825,15698025,False,False,2.1
2019agPTRxR,"QOS AND DEFENSE ENHANCEMENT USING BLOCK CHAIN FOR FLY WIRELESS NETWORKS",JUL,2019,JUN,2020,"N.Bhalaji,",NULL,NULL,NULL,False,NULL,NULL,article,Journal,"Journal of trends in Computer Science and Smart technology",NULL,2019,9,1,NULL,NULL,NULL,NULL,10.36548/jtcsst.2019.1.001,NULL,https://irojournals.com/tcsst/,2582-4104,False,False,0
2019alynkIb,"An extremely fast, energy-efficient RESET process in Ge2Sb2Te5 phase change memory device revealed by the choice of electrode materials and interface effects",JUL,2019,JUN,2020,"Suresh Durai, Srinivasan Raj, and Anbarasu Manivannan",NULL,NULL,NULL,False,NULL,NULL,article,Journal,"Semiconductor Science and Technology,",NULL,2019,12,35,NULL,"Scopus, Web of Sciences",Q2,NULL,10.1088/1361-6641/ab591a,NULL,https://iopscience.iop.org/journal/0268-1242,13616641,False,False,1.9
2019AZdZkoP,"Image fusion for MODIS and Landsat images using top hat based moving technique with FIS.",JUL,2019,JUN,2020,"Swathika, R., Sharmila, T.S.",NULL,NULL,NULL,False,NULL,NULL,article,Journal,"Cluster Computing",NULL,2019,9,22,NULL,"Scopus, Web of Sciences",NULL,NULL,10.1007/s10586-018-1802-2,NULL,https://link.springer.com/journal/10586,1386-7857,False,False,3.6
2019BEiISEi,"A New Optimized Distributed Scheduling Service using Genetic Computing",JUL,2019,JUN,2020,"A. Sandanakaruppan, N. Bhalaji, N. Ramraj,",NULL,NULL,NULL,False,NULL,NULL,article,Journal,"Applied Mathematics and Information Sciences",NULL,2019,8,13,279-285,"Scopus, Web of Sciences",Q2,NULL,10.18576/amis/13S131,NULL,https://digitalcommons.aaru.edu.jo/amis/,19350090,False,False,1.232
2019bXTSCGt,"Spinal Cord Segmentation in Lumbar MR Images",JUL,2019,JUN,2020,"A. Beulah, T. Sree Sharmila, T. Kanmani",NULL,NULL,NULL,False,NULL,NULL,inbook,"Book Chapter",NULL,NULL,2019,11,35,NULL,Scopus,Q3,1,10.1007/978-3-030-32150-5,NULL,https://doi.org/10.1007/978-3-030-32150-5,2367-4512,False,False,NULL
2019cnEaond,"PERFORMANCE EVALUATION OF FLYING WIRELESS NETWORK WITH VANET ROUTING PROTOCOL",JUL,2018,JUN,2019,"N.Bhalaji,",NULL,NULL,NULL,False,NULL,NULL,article,Journal,"Journal of IoT in Social, Mobile, Analytics, and Cloud",NULL,2019,6,1,56-71,NULL,NULL,NULL,10.36548/jismac.2019.1.005,NULL,NULL,2582-1369,False,False,0
2019dVVbJUN,"DELAY DIMINISHED EFFICIENT TASK SCHEDULING AND ALLOCATION FOR HETEROGENEOUS CLOUD ENVIRONMENT",JUL,2019,JUN,2020,"N.Bhalaji,",NULL,NULL,NULL,False,NULL,NULL,article,Journal,"Journal of trends in Computer Science and Smart technology",NULL,2019,9,1,46-56,NULL,NULL,NULL,10.36548/jtcsst.2019.1.005,NULL,https://irojournals.com/tcsst/,2582-4104,False,False,0
2019EfnmaWo,"Acoustic image denoising using various spatial filtering techniques",JUL,2018,JUN,2019,"Dhanushree M Priyadharsini R and Sree Sharmila T.",NULL,NULL,NULL,False,NULL,NULL,article,Journal,"International Journal of Information Technology",NULL,2019,1,11,NULL,Scopus,Q1,NULL,10.1007/s41870-018-0272-3,NULL,https://link.springer.com/journal/41870,25112104,False,False,0
2019eVnTJOd,"Trendingtags—Classification & Prediction of Hashtag Popularity Using Twitter Features in Machine Learning Approach Proceedings",JUL,2019,JUN,2020,"Devi, P.S., Geetha, R., Karthika, S. (2020",NULL,NULL,NULL,False,NULL,NULL,inbook,"Book Chapter",NULL,NULL,2019,8,990,NULL,Scopus,NULL,1,10.1007/978-981-13-8676-3,NULL,https://doi.org/10.1007/978-981-13-8676-3,21945365,False,False,NULL
2019fiCOuhh,"Artificial Neural Network and Gray Level Co-Occurrence Matrix Based Automated Corrosion Detection",JUL,2019,JUN,2020,"V.Thanikachalam , M.G.Kavitha, V.Bharathi",NULL,NULL,NULL,False,NULL,NULL,article,Journal,"International Journal of Engineering and Advanced Technology",NULL,2019,8,8,4499-4502,Scopus,NULL,NULL,NULL,NULL,https://www.ijeat.org/wp-content/uploads/papers/v8i6/F9000088619.pdf,22498958,False,False,0
2019GfxNJup,"Optimized bi-level classifier for brain tumor type and grade discrimination using evolutionary fuzzy computing",JUL,2018,JUN,2019,"Kavitha S Mohanvalli S Bharathi B",NULL,NULL,NULL,False,NULL,NULL,article,Journal,"Turkish Journal of Electrical and Computer Sciences",NULL,2019,5,27,1704-1718,"Scopus, Web of Sciences",Q3,NULL,10.3906/elk-1804-13,NULL,https://journals.tubitak.gov.tr/elektrik/,13000632,False,False,1.1
2019gzlKlIT,"Optimal Spectrum Sharing and Dynamic Resource Allocation for LTE Small Cells",JUL,2018,JUN,2019,"R RoselinKiruba, T. Sree Sharmila",NULL,NULL,NULL,False,NULL,NULL,article,Journal,"Caribbean Journal of science.",NULL,2019,1,NULL,NULL,"Scopus, Web of Sciences",NULL,NULL,NULL,NULL,NULL,86452,False,False,0.4
2019hCHTgCv,"A Weighted Speaker-Specific Confusion Transducer-Based Augmentative and Alternative Speech Communication Aid for Dysarthric Speakers",JUL,2018,JUN,2019,"T. A. M. Celin, G. A. Rachel, T. Nagarajan and P. Vijayalakshmi",NULL,NULL,NULL,False,NULL,NULL,article,Journal,"IEEE Transactions on Neural Systems and Rehabilitation Engineering",NULL,2019,2,27,187-197,"Scopus, Web of Sciences",Q1,NULL,10.1109/tnsre.2018.2887089,NULL,https://ieeexplore.ieee.org/document/8579178,15344320,False,False,4.9
2019HkCECgb,"A Novel Microarray Gene Selection and Classification using Intelligent Dynamic Grey Wolf Optimization",JUL,2018,JUN,2019,"K.R.Uthayan,",NULL,NULL,NULL,False,NULL,NULL,article,Journal,Genetika-Belgrade,NULL,2019,1,51,805-828,NULL,NULL,NULL,10.2298/GENSR1903805U,NULL,https://doiserbia.nb.rs/journal.aspx?issn=0534-0012,166758,False,False,0.753
2019iaysOSH,"Predicting Forest Fires using Supervised and Ensemble Machine Learning Algorithms",JUL,2019,JUN,2020,"R. Rishickesh, A. Shahina, A. Nayeemulla Khan",NULL,NULL,NULL,False,NULL,NULL,article,Journal,"International Journal of Recent Technology and Engineering",NULL,2019,7,8,3697-3705,"Scopus, Web of Sciences",NULL,NULL,10.35940/ijrte.B2878.078219,NULL,NULL,22773878,False,False,0
2019IkzJSVc,"Impact of Thermal Boundary Resistance on the Performance and Scaling of Phase-Change Memory Device",JUL,2019,JUN,2020,"S. Durai, S. Raj and A. Manivannan",NULL,NULL,NULL,False,NULL,NULL,article,Journal,"IEEE Transactions on Computer-Aided Design of Integrated Circuits and Systems",NULL,2019,7,39,NULL,"Scopus, Web of Sciences",Q1,NULL,10.1109/TCAD.2019.2927502,NULL,https://ieeexplore.ieee.org/xpl/RecentIssue.jsp?punumber=43,2780070,False,False,2.9
2019iRkjRrJ,"Veracity Analysis and Prediction in Social Big Data.",JUL,2018,JUN,2019,"Suthanthira Devi, P., Karthika, S., Venugopal, P., Geetha, R.",NULL,NULL,NULL,False,NULL,NULL,inbook,"Book Chapter",NULL,NULL,2019,6,933,NULL,Scopus,NULL,NULL,10.1007/978-981-13-7166-0,NULL,https://doi.org/10.1007/978-981-13-7166-0,21945365,False,False,NULL
2019KcOVwBG,"A safety system for school children using GRAG",JUL,2018,JUN,2019,"I. Joe Louis Paul, S. Sasirekha",NULL,NULL,NULL,False,NULL,NULL,article,Journal,"International Journal of Computer Aided Engineering and Technology,",NULL,2019,6,11,NULL,Scopus,NULL,NULL,10.1504/IJCAET.2019.100449,NULL,https://www.inderscience.com/jhome.php?jcode=ijcaet,17572665,False,False,0
2019kPmRqiG,"Enhanced analysis of border surveillance using intruders’ crossing strategies",JUL,2018,JUN,2019,"N.Bhalaji, S.Venkatesh",NULL,NULL,NULL,False,NULL,NULL,article,Journal,"Soft Computing",NULL,2019,4,23,NULL,"Scopus, Web of Sciences",Q1,NULL,10.1007/s00500-019-03962-z,NULL,https://www.springer.com/journal/500,14327643,False,False,4.1
2019kZobgVd,"Prediction of West Nile Virus using Ensemble Classifiers",JUL,2019,JUN,2020,"R. Rishickesh, A. Shahina, A. Nayeemulla Khan,",NULL,NULL,NULL,False,NULL,NULL,article,Journal,"International Journal of Engineering and Advanced Technology",NULL,2019,10,9,NULL,Scopus,NULL,NULL,10.35940/ijeat.A9810.109119,NULL,https://www.ijeat.org/,22498958,False,False,0
2019mqqnXBp,"Identification of Duplication in Questions Posed on Knowledge Sharing Platform Quora using Machine Learning Techniques",JUL,2019,JUN,2020,"R. Rishickesh, P. Ram Kumar, A. Shahina, A. Nayeemulla Khan",NULL,NULL,NULL,False,NULL,NULL,article,Journal,"International Journal of Innovative Technology and Exploring Engineering,",NULL,2019,10,8,NULL,Scopus,NULL,NULL,10.35940/ijitee.L3017.1081219,NULL,https://www.ijitee.org/,22783075,False,False,0
2019nsyAarc,"Nelder-Mead Optimized MADM Decision Support for Vertical Handover",JUL,2019,JUN,2020,"Malathy E M, Vijayalakshmi Muthuswamy",NULL,NULL,NULL,False,NULL,NULL,article,Journal,"International Journal of Recent Technology and Engineering",NULL,2019,7,8,601-604,Scopus,NULL,NULL,10.35940/ijrte.B1111.0782S319,NULL,NULL,22773878,False,False,0
2019NXkmwNY,"A two-level secure data hiding algorithm for video steganography.",JUL,2018,JUN,2019,"Manisha, S., Sharmila, T.S.",NULL,NULL,NULL,False,NULL,NULL,article,Journal,"Multidim Syst Sign Process",NULL,2019,4,30,NULL,"Scopus, Web of Sciences",Q1,NULL,10.1007/s11045-018-0568-2,NULL,https://www.springer.com/journal/11045,1573-0824,False,False,2.5
2019pfSllWE,"Optimization of Sensing Time in Cognitive Radio Networks Based on Localization Algorithm",JUL,2019,JUN,2020,"Poornima, P., Chithra, S.",NULL,NULL,NULL,False,NULL,NULL,inbook,"Book Chapter",NULL,NULL,2019,11,39,NULL,Scopus,Q3,NULL,10.1007/978-3-030-34515-0,NULL,https://doi.org/10.1007/978-3-030-34515-0,2367-4512,False,False,NULL
2019PHpapit,"BCI Cinematics–A pre-release analyser for movies using H2O deep learning platform",JUL,2018,JUN,2019,"Sundhara Kumar KB, G Krishna, N Bhalaji, S Chithra,",NULL,NULL,NULL,False,NULL,NULL,article,Journal,"Computers & Electrical Engineering",NULL,2019,3,74,547-556,"Scopus, Web of Sciences",Q1,NULL,10.1016/j.compeleceng.2018.03.015,NULL,https://www.sciencedirect.com/journal/computers-and-electrical-engineering,457906,False,False,4.3
2019QAlmLjK,"An Artificial Intelligence Based Tool for Ophthalmologist for Eye Disease Classification",JUL,2018,JUN,2019,"V.Sivamurugan, and Dr.P.Indumathi",NULL,NULL,NULL,False,NULL,NULL,article,Journal,"Journal of Tierärztliche Praxis",NULL,2019,1,NULL,NULL,"Web of Sciences",NULL,NULL,NULL,NULL,https://tierarztliche.com/,0303-6286,False,False,0.388
2019QziCOTn,"Direction-invariant binary pattern-encoded descriptor for texture classification and retrieval",JUL,2019,JUN,2020,"Pavithra Latha Kumaresan and Sree Sharmila Thangaswamy",NULL,NULL,NULL,False,NULL,NULL,article,Journal,"Journal of Electronic Imaging",NULL,2019,9,28,NULL,"Scopus, Web of Sciences",Q3,NULL,10.1117/1.JEI.28.5.053013,NULL,https://www.spiedigitallibrary.org/journals/journal-of-electronic-imaging/volume-28/issue-5,10179909,False,False,1.1
2019rDVcHey,"Brain storm-based Whale Optimization Algorithm for privacy-protected data publishing in cloud computing",JUL,2018,JUN,2019,"Thanga Revathi, S., Ramaraj, N. & Chithra, S.",NULL,NULL,NULL,False,NULL,NULL,article,Journal,"Cluster Computing",NULL,2019,3,22,NULL,"Scopus, Web of Sciences",Q1,NULL,10.1007/s10586-018-2200-5,NULL,https://www.springer.com/journal/10586,13867857,False,False,NULL
2019SnAGieB,"RFID and PIR Motion Sensor based Automated Attendance System for Educational Institutions",JUL,2019,JUN,2020,"K.Srividhyasaradha, I. Joe Louis Paul, S. Sasirekha",NULL,NULL,NULL,False,NULL,NULL,article,Journal,"International Journal of Recent Technology and Engineering",NULL,2019,8,8,1275-1279,Scopus,NULL,NULL,NULL,NULL,https://www.ijrte.org/,22773878,False,False,0
2019SwqfzGp,"Perfecting Counterfeit Banknote Detection-A Classification Strategy",JUL,2018,JUN,2019,"M. Tejasvi, A.Nayeemulla Khan, A.Shahina",NULL,NULL,NULL,False,NULL,NULL,article,Journal,"International Journal of Innovative Technology and Exploring Engineering",NULL,2019,4,8,2278-3075,Scopus,NULL,NULL,NULL,NULL,https://www.ijitee.org/,22783075,False,False,0
2019SWRWziP,"Speech Emotion Recognition Based on Gender Influence in Emotional Expression",JUL,2019,JUN,2020,"P Vasuki and Divya Bharati R",NULL,NULL,NULL,False,NULL,NULL,article,Journal,"International Journal of Intelligent Information Technologies",NULL,2019,10,15,22-40,"Scopus, Web of Sciences",Q2,NULL,10.4018/IJIIT.2019100102,NULL,https://www.igi-global.com/gateway/journal/1089,15483665,False,False,NULL
2019UoinGOk,"Med-Recommender System for Predictive Analysis of Hospitals and Doctors",JUL,2019,JUN,2020,"S. Swarnalatha, I. Kesavarthini, S. Poornima and N. Sripriya",NULL,NULL,NULL,False,NULL,NULL,inbook,"Book Chapter",NULL,NULL,2019,10,NULL,NULL,Scopus,NULL,1,10.1109/ICCIDS.2019.8862121,NULL,https://ieeexplore.ieee.org/xpl/conhome/8851230/proceeding,NULL,False,False,NULL
2019upBNWFQ,"Load Balancing in Cloud computing using WWA Algorithm",JUL,2019,JUN,2020,"V.Arulkumar, Dr.N.Bhalaji,",NULL,NULL,NULL,False,NULL,NULL,article,Journal,"concurrency and computation practice and Experience",NULL,2019,9,34,NULL,"Scopus, Web of Sciences",Q1,NULL,10.1002/cpe.5492,NULL,https://onlinelibrary.wiley.com/journal/15320634,15320626,False,False,2
2019urwvsAj,"Enhancing Noisy Speech using WEMD",JUL,2018,JUN,2019,"J.V. Thomas Abraham, A. Shahina, A. Nayeemulla Khan",NULL,NULL,NULL,False,NULL,NULL,article,Journal,"International Journal of Recent Technology and Engineering",NULL,2019,3,7,705-708,Scopus,NULL,NULL,NULL,NULL,https://www.ijrte.org/,22773878,False,False,0
2019vcokfGw,"An augmented approach for pseudo-free groups in smart cyber-physical system",JUL,2018,JUN,2019,"Kumar, M.V.R., Bhalaji, N. & Singh, S.",NULL,NULL,NULL,False,NULL,NULL,article,Journal,"Cluster Computing,",NULL,2019,1,22,NULL,"Scopus, Web of Sciences",Q1,NULL,10.1007/s10586-018-2353-2,NULL,https://www.springer.com/journal/10586,13867857,False,False,4.4
2019wiPasRl,"An efficient seed points selection approach in dominant color descriptors (DCD)",JUL,2018,JUN,2019,"L. K. Pavithra, T. Sree Sharmila",NULL,NULL,NULL,False,NULL,NULL,article,Journal,"Cluster Computing",NULL,2019,1,22,1225-1240,"Scopus, Web of Sciences",Q1,NULL,10.1007/s10586-019-02907-3,NULL,https://www.springer.com/journal/10586,13867857,False,False,4.4
2019xPGkUId,"Performance analysis of classifiers in social media text for Credibility Assessment",JUL,2018,JUN,2019,"P.SuthanthiraDevi , S.Karthika",NULL,NULL,NULL,False,NULL,NULL,article,Journal,"Caribean Journal of Science",NULL,2019,5,NULL,NULL,"Scopus, Web of Sciences",NULL,NULL,NULL,NULL,NULL,86452,False,False,0.2
2019xRhUuyI,"Impact of Tweet Features and Machine-Learning Classifiers for Twitter Spam Detection",JUL,2018,JUN,2019,"S. Nitheesh Prabu , Abhishek Pal, S. Sundar Ram, S. Karthika",NULL,NULL,NULL,False,NULL,NULL,article,Journal,"International Journal of Recent Technology and Engineering",NULL,2019,4,7,31-35,Scopus,NULL,NULL,NULL,NULL,https://www.ijrte.org/,22773878,False,False,0
2019ydKieUY,"A Novel Design Framework for Rumour Analysis in Twitter",JUL,2018,JUN,2019,"S. Karthika, Suthanthiradevi",NULL,NULL,NULL,False,NULL,NULL,article,Journal,"International Journal of Recent Technology and Engineering",NULL,2019,4,7,31-35,Scopus,NULL,NULL,NULL,NULL,https://www.ijrte.org/,22773878,False,False,0
2019yEHTKLZ,"#Dec18- Twitter Based Trend Analysis Using BoW Models",JUL,2018,JUN,2019,"P.SuthanthiraDevi , S.Karthika, R. Geetha",NULL,NULL,NULL,False,NULL,NULL,article,Journal,"Caribean Journal of Science",NULL,2019,5,53,1774-1780,"Scopus, Web of Sciences",NULL,NULL,NULL,NULL,https://www.researchgate.net/profile/Suthanthira-Devi/publication/354403093_Dec18-Twitter_Based_Trend_Analysis_Using_BoW_Models/links/613736bd2b40ec7d8bed971b/Dec18-Twitter-Based-Trend-Analysis-Using-BoW-Models.pdf,86452,False,False,0.2
2019yGfNfuH,"TOPSIS-Nelder Mead Vertical Handover scheme in Next Generation Wireless Network”",JUL,2018,JUN,2019,"E.M. Malathy, Dr.Vijayalakshmi Muthuswamy, N. Radha",NULL,NULL,NULL,False,NULL,NULL,article,Journal,"Caribbean Journal of Science",NULL,2019,1,8,601-604,"Scopus, Web of Sciences",NULL,NULL,10.35940/ijrte.B1111.0782S319,NULL,https://www.ijrte.org/wp-content/uploads/papers/v8i2S3/B11110782S319.pdf,86452,False,False,0.4
2019yRZycXY,"Epileptic Seizure Prediction Through Machine Learning and Spatio-Temporal Features Based Time Series Analysis of Intracranial Electroencephalogram Data",JUL,2019,JUN,2020,"N. Ilakiyaselvan, Hardik Bhatt, Utkarsh Shukla, A. Nayeemulla khan, A. Shahina",NULL,NULL,NULL,False,NULL,NULL,article,Journal,"International Journal of Engineering and Advanced Technology",NULL,2019,10,9,NULL,Scopus,NULL,NULL,10.35940/ijeat.A2063.109119,NULL,https://www.ijeat.org/portfolio-item/A2068109119/,22498958,False,False,0
2019ZKSsXrP,"Predicting Learning Behaviour of Online Course Learners' using Hybrid Deep Learning Model,",JUL,2018,JUN,2019,"S. Kavitha, S. Mohanavalli and B. Bharathi",NULL,NULL,NULL,False,NULL,NULL,inbook,"Book Chapter",NULL,NULL,2019,6,NULL,NULL,Scopus,NULL,3,10.1109/MITE.2018.8747136,NULL,https://ieeexplore.ieee.org/xpl/conhome/8742734/proceeding,NULL,False,False,NULL
2020aXDaEKa,"Hybrid Fusion based Learning Model for Biometric Authentication",JUL,2019,JUN,2020,"Poornima S, Kavitha S, Sheerin Sitara N, Balaprasanna A S",NULL,NULL,NULL,False,NULL,NULL,article,Journal,"Caribbean Journal of Science",NULL,2020,1,53,606-613,"Scopus, Web of Sciences",NULL,NULL,NULL,NULL,https://bioone.org/journals/caribbean-journal-of-science/,86452,False,False,0.4
2020BAoeoXM,"Multi-model fusion based satellite image classification using Versatile Unsupervised Vector Zone (VUVZ) fusion and Intensive Pragmatic Blossoms (IPB) technique",JUL,2019,JUN,2020,"Swathika, R & SreeSharmila",NULL,NULL,NULL,False,NULL,NULL,article,Journal,"Multimedia Tools and Applications",NULL,2020,2,79,NULL,"Scopus, Web of Sciences",Q1,NULL,10.1007/s11042-019-07872-y,NULL,https://www.springer.com/journal/11042,13807501,False,False,3.6
2020BWYchzJ,"Phoneme classification in reconstructed phase space with convolutional neural networks",JUL,2020,JUN,2021,"R. John Wesley, A. Nayeemulla Khan, and A. Shahina,",NULL,NULL,NULL,False,NULL,NULL,article,Journal,"Pattern Recognition Letters",NULL,2020,7,135,299-306,"Scopus, Web of Sciences",Q1,NULL,10.1016/j.patrec.2020.05.002,NULL,https://www.sciencedirect.com/journal/pattern-recognition-letters,1678655,False,False,5.1
2020CAafmXr,"Epilepsy Prediction using a Combined LSTM - XGBoost System on EEG Signals",JUL,2020,JUN,2021,"Shanmuga Skandh Vinayak E, Shahina A, Nayeemulla Khan A",NULL,NULL,NULL,False,NULL,NULL,article,Journal,"International Journal of Innovative Technology and Exploring Engineering (IJITEE)",NULL,2020,11,10,18-24,Scopus,NULL,NULL,NULL,NULL,www.ijitee.org,22783075,False,False,0
2020DaDUjGP,"A survey on technologies and security protocols: Reference for Future Generation IoT",JUL,2020,JUN,2021,"R. Yugha and Dr. S. Chithra",NULL,NULL,NULL,False,NULL,NULL,article,Journal,"Journal of Network and Computer Applications",NULL,2020,11,169,NULL,"Scopus, Web of Sciences",Q1,NULL,10.1016/j.jnca.2020.102763,NULL,https://www.sciencedirect.com/journal/journal-of-network-and-computer-applications,10958592,False,False,8.7
2020dHAmVbV,"Reconfigurable silicon nanotube using numerical simulations.",JUL,2020,JUN,2021,"Justeena AN, Ambika R, Sadagopan PS, Srinivasan R",NULL,NULL,NULL,False,NULL,NULL,article,Journal,"JOURNAL OF COMPUTATIONAL ELECTRONICS",NULL,2020,9,19,NULL,"Scopus, Web of Sciences",Q2,NULL,10.1007/s10825-020-01522-5,NULL,https://www.springer.com/journal/10825,15698025,False,False,2.1
2020DjLOQmW,"Data Augmentation Using Virtual Microphone Array Synthesis and Multi-Resolution Feature Extraction for Isolated Word Dysarthric Speech Recognition",JUL,2019,JUN,2020,"T. A. M. Celin, T. Nagarajan and P. Vijayalakshmi",NULL,NULL,NULL,False,NULL,NULL,article,Journal,"IEEE Journal of Selected Topics in Signal Processing",NULL,2020,2,14,NULL,"Scopus, Web of Sciences",Q1,NULL,10.1109/JSTSP.2020.2972161,NULL,https://ieeexplore.ieee.org/xpl/RecentIssue.jsp?punumber=4200690,19324553,False,False,7.5
2020evgBmWk,"Construction and Evaluation of Tamil Speech Emotion Corpus",JUL,2020,JUN,2021,"Vasuki, P., Sambavi, B. & Joe, V",NULL,NULL,NULL,False,NULL,NULL,article,Journal,"Natl. Acad. Sci. Lett.",NULL,2020,11,43,NULL,"Scopus, Web of Sciences",Q3,NULL,10.1007/s40009-020-00907-1,NULL,https://www.springer.com/journal/40009,NULL,False,False,1.1
2020fapGQBI,"Hierarchical classifier design for speech emotion recognition in the mixed-cultural environment",JUL,2019,JUN,2020,"P. Vasuki & Chandrabose Aravindan",NULL,NULL,NULL,False,NULL,NULL,article,Journal,"Journal of Experimental & Theoretical Artificial Intelligence",NULL,2020,6,33,451-456,"Scopus, Web of Sciences",Q1,NULL,10.1080/0952813X.2020.1764630,NULL,https://www.tandfonline.com/journals/teta20,13623079,False,False,2.2
2020fEXktOc,"Analysis of algorithms to estimate glottal closure instants from speech signals.",JUL,2020,JUN,2021,"Rachel, G.A., Vijayalakshmi, P. & Nagarajan, T.",NULL,NULL,NULL,False,NULL,NULL,article,Journal,"International Journal of Speech Technology",NULL,2020,9,23,NULL,"Scopus, Web of Sciences",Q1,NULL,10.1007/s10772-020-09752-5,NULL,https://www.springer.com/journal/10772,13812416,False,False,0
2020FJRkmgI,"Visual Speech Recognition using fusion of Motion and Geometric Features",JUL,2019,JUN,2020,"N. Radha, A. Shahina, A. Nayeemullakhan",NULL,NULL,NULL,False,NULL,NULL,inbook,"Book Chapter",NULL,NULL,2020,6,171,924-933,Scopus,NULL,NULL,NULL,NULL,NULL,NULL,False,False,NULL
2020FTzpbWU,"Resource Scheduling Algorithms for Cloud Computing Environment: A Literature Survey.",JUL,2019,JUN,2020,"Arulkumar, V., Bhalaji, N. (2020).",NULL,NULL,NULL,False,NULL,NULL,inbook,"Book Chapter",NULL,NULL,2020,1,89,NULL,Scopus,Q4,311,10.1007/978-981-15-0146-3,NULL,https://doi.org/10.1007/978-981-15-0146-3,23673370,False,False,NULL
2020hzCUEDC,"Remaining Useful Life (RUL) Estimation of Lead Acid Battery using Bayesian Approach",JUL,2019,JUN,2020,"Dr.N.Bhalaji and Rimi Chowdhry",NULL,NULL,NULL,False,NULL,NULL,article,Journal,"Journal of Electrical Engineering and Automation",NULL,2020,4,2,25-34,NULL,NULL,NULL,10.36548/jeea.2020.1.003,NULL,https://irojournals.com/iroeea/,2582-3051,False,False,0
2020IjHXdOv,"Object Detection In Underwater Acoustic Images Using Edge Based Segmentation Method",JUL,2019,JUN,2020,"R. Priyadharsini, T. Sree Sharmila",NULL,NULL,NULL,False,NULL,NULL,inbook,"Book Chapter",NULL,NULL,2020,2,165,759-765,Scopus,Q2,NULL,10.1016/j.procs.2020.01.015,NULL,https://www.sciencedirect.com/journal/procedia-computer-science,1877-0509,False,False,NULL
2020jLzbJjI,"Multi-Level Single-Channel Speech Enhancement Using a Unified Framework for Estimating Magnitude and Phase Spectra,",JUL,2019,JUN,2020,"Lavanya T, Nagarajan. T and Vijayalakshmi. P",NULL,NULL,NULL,False,NULL,NULL,article,Journal,"IEEE/ACM Transactions on Audio, Speech, and Language Processing",NULL,2020,4,28,NULL,"Scopus, Web of Sciences",Q1,NULL,10.1109/TASLP.2020.2986877,NULL,https://ieeexplore.ieee.org/xpl/RecentIssue.jsp?punumber=6570655,23299304,False,False,5.4
2020jUvvnln,"Detection of Propaganda from News Articles using Deep Learning",JUL,2019,JUN,2020,"SuthanthiraDevi, P. Karthika, S. Sowmya, K. Srinidhi, S. Pavithra, S,",NULL,NULL,NULL,False,NULL,NULL,article,Journal,"International Journal of Advanced Trends in Computer Science and Engineering",NULL,2020,5,9,3500-3505,Scopus,NULL,NULL,10.30534/ijatcse/2020/155932020,NULL,https://doi.org/10.30534/ijatcse/2020/155932020,NULL,False,False,0
2020locaNzS,"MOOCVERSITY - Deep Learning Based Dropout Prediction in MOOCs over Weeks",JUL,2020,JUN,2021,"Dr. N. Bhalaji and Vignesh. M",NULL,NULL,NULL,False,NULL,NULL,article,Journal,"Journal of Soft Computing Paradigm",NULL,2020,9,2,140-152,NULL,NULL,NULL,10.36548/jscp.2020.3.001,NULL,https://irojournals.com/jscp/,NULL,False,False,0
2020MLsVsWq,"Deep learning approach to detect seizure using reconstructed phase space images",JUL,2019,JUN,2020,"N. Ilakiyaselvan, A. Nayeemulla khan , A. Shahina",NULL,NULL,NULL,False,NULL,NULL,article,Journal,"Journal of Biomedical Research",NULL,2020,1,34,238-248,"Scopus, Web of Sciences",Q2,NULL,10.7555/JBR.34.20190043,NULL,http://www.jbr-pub.org.cn/article/doi/10.7555/JBR.34.20190043?viewType=HTML,1674-8301,False,False,2.3
2020MNocBxL,"A new multi-level radial difference encoded pattern for image classification and retrieval",JUL,2020,JUN,2021,"Pavithra, L.K., Sree Sharmila, T.",NULL,NULL,NULL,False,NULL,NULL,article,Journal,"Multidim Syst Sign Process",NULL,2020,10,31,NULL,"Scopus, Web of Sciences",Q1,NULL,10.1007/s11045-020-00713-4,NULL,https://www.springer.com/journal/11045,0923-6082,False,False,2.5
2020msZIDEV,"Medical Data Management Using Blockchain",JUL,2020,JUN,2021,"Bhalaji N, Aishwarya V, Krithika Balaji",NULL,NULL,NULL,False,NULL,NULL,article,Journal,"Journal of ISMAC (2020)",NULL,2020,12,2,222-231,NULL,NULL,NULL,10.36548/jismac.2020.4.006,NULL,https://irojournals.com/iroismac/,2582-1369,False,False,0
2020pGsdGMm,"Social Media Veracity Detection System Using Calibrate Classifier",JUL,2020,JUN,2021,"P. SuthanthiraDevi & S. Karthika",NULL,NULL,NULL,False,NULL,NULL,inbook,"Book Chapter","Computational Intelligence in Data Science",NULL,2020,11,578,NULL,Scopus,Q3,1,10.1007/978-3-030-63467-4,NULL,https://doi.org/10.1007/978-3-030-63467-4,NULL,False,False,0
2020plrTcWX,"Start to Finish Automation Achieve on Cloud with Build Channel: By DevOps Method,",JUL,2019,JUN,2020,NULL,NULL,NULL,NULL,False,NULL,NULL,inbook,"Book Chapter","Procedia Computer Science",NULL,2020,2,165,399-405,Scopus,Q2,NULL,10.1016/j.procs.2020.01.032,NULL,https://www.sciencedirect.com/journal/procedia-computer-science,1877-0509,False,False,NULL
2020PQEUaEQ,"Inter-Hemispherical Investigations on the Functional Connectivity in Controls and Autism Spectrum Using Resting State fMRI",JUL,2019,JUN,2020,"S. Vidhusha, A. Kavitha",NULL,NULL,NULL,False,NULL,NULL,inbook,"Book Chapter","Innovations, Algorithms, and Applications in Cognitive Informatics and Natural Intelligence",NULL,2020,2,NULL,169-186,Scopus,NULL,NULL,10.4018/978-1-7998-3038-2.ch009,NULL,NULL,NULL,False,False,NULL
2020QQREtnz,"Optimized Feature Integration and Minimized Search Space in Content Based Image Retrieval,",JUL,2019,JUN,2020,"LK Pavithra, T Sree Sharmila,",NULL,NULL,NULL,False,NULL,NULL,inbook,"Book Chapter",NULL,NULL,2020,2,165,691-700,Scopus,Q2,NULL,10.1016/j.procs.2020.01.065,NULL,https://www.sciencedirect.com/journal/procedia-computer-science,1877-0509,False,False,NULL
2020QYzEdbR,"Entropy Analysis on Planar Anamorphic Images",JUL,2019,JUN,2020,"S Bobby Stefy Chris, L K Pavithra, R Srinivasan, T Sree Sharmila",NULL,NULL,NULL,False,NULL,NULL,inbook,"Book Chapter","Procedia Computer Science",NULL,2020,2,165,774-780,Scopus,Q2,NULL,10.1016/j.procs.2020.01.012,NULL,https://www.sciencedirect.com/journal/procedia-computer-science,1877-0509,False,False,NULL
2020RNHKIYj,"Adaptive multi-band filter structure-based far-end speech enhancement",JUL,2020,JUN,2021,"M. P. A. Jeeva, T. Nagarajan and P. Vijayalakshmi",NULL,NULL,NULL,False,NULL,NULL,article,Journal,"IET Signal Processing",NULL,2020,7,14,288-299,"Scopus, Web of Sciences",Q2,NULL,10.1049/iet-spr.2019.0226,NULL,https://www.sciencepubco.com/index.php/ijet/issue/view/360,17519675,False,False,1.7
2020SOWCrdT,"Sensitive Keyword Extraction Based on Cyber Keywords and LDA in Twitter to Avoid Regrets",JUL,2020,JUN,2021,"R.Geetha, S.Karthika",NULL,NULL,NULL,False,NULL,NULL,inbook,"Book Chapter","Computational Intelligence in Data Science",NULL,2020,11,578,59-70,Scopus,Q3,1,10.1007/978-3-030-63467-4,NULL,https://doi.org/10.1007/978-3-030-63467-4,NULL,False,False,0
2020TcwVmki,"Reconfigurable FET-Based SRAM and Its Single Event Upset Performance Analysis Using TCAD",JUL,2020,JUN,2021,"Nisha Justeena, R. Srinivasan",NULL,NULL,NULL,False,NULL,NULL,article,Journal,"Microelectronics Journal",NULL,2020,7,101,NULL,"Scopus, Web of Sciences",Q2,NULL,10.1016/j.mejo.2020.104815,NULL,https://www.sciencedirect.com/journal/microelectronics-journal,9598324,False,False,2.2
2020TDOQpvt,"Tweet Classification Using Deep Learning Approach to Predict Sensitive Personal Data",JUL,2020,JUN,2021,"R.Geetha, S.Karthika, S. Mohanavalli,",NULL,NULL,NULL,False,NULL,NULL,inbook,"Book Chapter","Advances in Electrical and Computer Technologies,",NULL,2020,9,672,NULL,Scopus,Q4,4,10.1007/978-981-15-5558-9,NULL,https://link.springer.com/book/10.1007/978-981-15-5558-9,18761119,False,False,0
2020tQMseSr,"EL DAPP – An Electrıcıty Meter Trackıng Decentralızed Applıcatıon",JUL,2019,JUN,2020,"Dr.N.Bhalaji and Shanmuga skanth Vinayak",NULL,NULL,NULL,False,NULL,NULL,article,Journal,"Journal of Electrical Engineering and Automation",NULL,2020,4,2,49-71,NULL,NULL,NULL,10.36548/jei.2020.1.006,NULL,https://irojournals.com/iroei/,2186-0114,False,False,0
2020UrXkUMf,"Influence of Primary Auditory Cortex in the Characterization of Autism Spectrum in Young Adults using Brain Connectivity Parameters and Deep Belief Networks: An fMRI Study",JUL,2019,JUN,2020,"Vidhusha Srinivasan, Udayakumar N, Kavitha Anandan",NULL,NULL,NULL,False,NULL,NULL,article,Journal,"Current Medical Imaging",NULL,2020,5,16,1059-1073,"Scopus, Web of Sciences",Q3,NULL,10.2174/1573405615666191111142039,NULL,https://www.eurekaselect.com/journal/33,15734056,False,False,1.4
2020uZVOIHV,"Prediction of indian GDP using grey forecast model",JUL,2020,JUN,2021,"V. Laasya Subramanyam, V. Sasya Subramanyam, Shamita Dev and Shruthi Arun",NULL,NULL,NULL,False,NULL,NULL,article,Journal,"International journal of innovative technology and exploring engineering (IJITEE)",NULL,2020,12,10,18-25,Scopus,NULL,NULL,10.35940/ijitee.B8229.1210220,NULL,100.1/ijitee.B82291210220,22783075,False,False,0
2020XKzpPwo,"Modern Parking Business Using Blockchain and Internet of Things (IoT).",JUL,2019,JUN,2020,"Narayanan, V.V., Ranjith Kumar, M.V., Saxena, K., Madhavan, P., Bhalaji, N. (2020).",NULL,NULL,NULL,False,NULL,NULL,inbook,"Book Chapter",NULL,NULL,2020,2,1056,NULL,Scopus,NULL,NULL,10.1007/978-981-15-0199-9,NULL,https://doi.org/10.1007/978-981-15-0199-9,2194-5365,False,False,NULL
2020XTeoyLk,"Fog Computıng – A Rasperry Pı Decentralızed Network",JUL,2019,JUN,2020,"N.Bhalaji and Shanmuga skanth Vinayak",NULL,NULL,NULL,False,NULL,NULL,article,Journal,"Journal of Information Technology and Digital World",NULL,2020,4,2,27-42,NULL,NULL,NULL,10.36548/jitdw.2020.1.003,NULL,https://irojournals.com/itdw/,NULL,False,False,0
2020xtVBrBj,"A Study on the Impact of Lombard Effect on Recognition of Hindi Syllabic Units Using CNN Based Multimodal ASR Systems",JUL,2019,JUN,2020,"Uma Maheswari S, Shahina A, Rishikesh R and Nayeemulla Khan A",NULL,NULL,NULL,False,NULL,NULL,article,Journal,"Archives of Acoustics",NULL,2020,4,45,NULL,"Scopus, Web of Sciences",Q2,NULL,NULL,NULL,https://acoustics.ippt.pan.pl/index.php/aa/index,1375075,False,False,1.043
2020XTWheev,"Eye Blink Detection Using Back Ground Subtraction and Gradient-Based Corner Detection for Preventing CVS",JUL,2019,JUN,2020,"T Sree Sharmila, R Srinivasan, K K Nagarajan, S Athithya",NULL,NULL,NULL,False,NULL,NULL,inbook,"Book Chapter","Procedia Computer Science",NULL,2020,2,165,781-789,Scopus,Q2,NULL,10.1016/j.procs.2020.01.011,NULL,https://www.sciencedirect.com/journal/procedia-computer-science,18770509,False,False,NULL
2020yoHOjEH,"Investigation of heavy-ion strikes on a fin field-effect transistor-based low-noise amplifier",JUL,2020,JUN,2021,"P Rajendiran1, K K Nagarajan2 and R Srinivasan",NULL,NULL,NULL,False,NULL,NULL,article,Journal,"Semiconductor Science and Technology",NULL,2020,11,35,NULL,"Scopus, Web of Sciences",Q2,NULL,10.1088/1361-6641/abc1fe,NULL,https://iopscience.iop.org/journal/0268-1242,1361-6641,False,False,1.9
2020YwICnYk,"An Improved Seed Point Selection-Based Unsupervised Color Clustering for Content-Based Image Retrieval Application",JUL,2019,JUN,2020,"L. K. Pavithra, T. Sree Sharmila",NULL,NULL,NULL,False,NULL,NULL,article,Journal,"The Computer Journal",NULL,2020,1,63,337-350,"Scopus, Web of Sciences",Q2,NULL,10.1093/comjnl/bxz017,NULL,https://doi.org/10.1093/comjnl/bxz017,14602067,False,False,1.4
2020ZEYKYYC,"An enhanced OCT image captioning system to assist ophthalmologists in detecting and classifying eye diseases",JUL,2020,JUN,2021,"V. Sivamurugan, P. Indumathi",NULL,NULL,NULL,False,NULL,NULL,article,Journal,"Journal of X-ray Science and Technology",NULL,2020,9,28,975-988,"Scopus, Web of Sciences",Q2,NULL,10.3233/xst-200697,NULL,https://content.iospress.com/journals/journal-of-x-ray-science-and-technology/Pre-press/Pre-press,8953996,False,False,3
2021AOMsXvH,"Performance Analysis of Nature Inspired Load balancing Algorithm in Cloud Environment",JUL,2020,JUN,2021,"Arulkumar. V, Dr.N.Bhalaji",NULL,NULL,NULL,False,NULL,NULL,article,Journal,"Journal of Ambient Intelligence and Humanized computing",NULL,2021,3,12,NULL,Scopus,Q1,NULL,10.1007/s12652-019-01655-x,NULL,https://www.springer.com/journal/12652,1868-5145,False,False,0
2021aYSebLN,"TS-IoT: Trustworthy and Secure Smart Wearable Device for Child Tracking and Monitoring System",JUL,2020,JUN,2021,"S. Chithra, R. Yugha, Aishwarya S., Mythreyi R., Niranjana Devi V.,",NULL,NULL,NULL,False,NULL,NULL,article,Journal,"LINGUISTICA ANTVERPIENSIA",NULL,2021,5,NULL,NULL,"Scopus, Web of Sciences",Q1,NULL,NULL,NULL,https://lans-tts.uantwerpen.be/index.php/LANS-TTS/index,3042294,False,False,NULL
2021BiuBtmC,"A deep learning approach for robust speaker identification using chroma energy normalized statistics and mel frequency cepstral coefficients",JUL,2021,JUN,2022,"J. V. Thomas Abraham, A. Nayeemulla Khan, A. Shahina",NULL,NULL,NULL,False,NULL,NULL,article,Journal,"International Journal of Speech Technology",NULL,2021,8,NULL,NULL,Scopus,Q1,NULL,10.1007/s10772-021-09888-y,NULL,http://dx.doi.org/10.1007/s10772-021-09888-y,1381-2416,False,False,NULL
2021BqKzvsc,"Hybrid Bird Swarm Optimized Quasi Affine Algorithm Based Node Location",JUL,2021,JUN,2022,"E. M. Malathy, Mythili Asaithambi, Alagu Dheeraj, Kannan Arputharaj",NULL,NULL,NULL,False,NULL,NULL,article,Journal,"WIRELESS PERSONAL COMMUNICATIONS",NULL,2021,8,NULL,NULL,"Scopus, Web of Sciences",Q2,NULL,10.1007/s11277-021-08934-,NULL,http://dx.doi.org/10.1007/s11277-021-08934-,0929-6212,False,False,NULL
2021bVoxzLD,"Metamaterial-loaded multiband antenna for embedded automotive Internet-of-Things communications",JUL,2021,JUN,2022,"Malathy E M, Thanikachalam V, Ruby D, Manikandan N",NULL,NULL,NULL,False,NULL,NULL,article,Journal,"INTERNATIONAL JOURNAL OF COMMUNICATION SYSTEMS",NULL,2021,10,34,NULL,"Scopus, Web of Sciences",Q2,NULL,10.1002/dac.4941,NULL,http://dx.doi.org/10.1002/dac.4941,1074-5351,False,False,2.1
2021CgkBcEO,"Hand sign recognition by visible and thermal images using modified quality local thresholding technique",JUL,2020,JUN,2021,"Gajalakshmi, T. Sree Sharmila",NULL,NULL,NULL,False,NULL,NULL,article,Journal,"Journal of Environmental Protection and Ecology",NULL,2021,3,22,NULL,Scopus,Q3,NULL,NULL,NULL,https://scibulcom.net/en/journal/1311-5065,13115065,False,False,0
2021dLCsJzC,"Tweet-scan-post: a system for analysis of sensitive private data disclosure in online social media",JUL,2021,JUN,2022,"R. Geetha, S. Karthika, Ponnurangam Kumaraguru",NULL,NULL,NULL,False,NULL,NULL,article,Journal,"KNOWLEDGE AND INFORMATION SYSTEMS",NULL,2021,7,63,NULL,"Scopus, Web of Sciences",Q1,NULL,10.1007/s10115-021-01592-2,NULL,http://dx.doi.org/10.1007/s10115-021-01592-2,0219-1377,False,False,2.7
2021eCJEWqy,"Degenerative disc disease diagnosis from lumbar MR images using hybrid features",JUL,2020,JUN,2021,"Beulah, T. Sree Sharmila, V.K. Pramod",NULL,NULL,NULL,False,NULL,NULL,article,Journal,"The Visual Computer",NULL,2021,5,38,NULL,"Scopus, Web of Sciences",Q2,NULL,10.1007/s00371-021-02154-x,NULL,https://www.springer.com/journal/371,14322315,False,False,3.5
2021eOLKDpZ,"A novel data hiding by image interpolation using edge quad-tree block complexity",JUL,2021,JUN,2022,"R. RoselinKiruba, T. Sree Sharmila",NULL,NULL,NULL,False,NULL,NULL,article,Journal,"The Visual Computer",NULL,2021,10,39,NULL,"Scopus, Web of Sciences",Q2,NULL,10.1007/s00371-021-02312-1,NULL,http://dx.doi.org/10.1007/s00371-021-02312-1,0178-2789,False,False,3.5
2021eZuFEhU,"Proactive maintenance of small wind turbines using IoT and machine learning models",JUL,2020,JUN,2021,"Yoganand Selvaraj & Chithra Selvaraj",NULL,NULL,NULL,False,NULL,NULL,article,Journal,"International Journal of Green Energy",NULL,2021,6,19,463-475,"Scopus, Web of Sciences",Q2,NULL,10.1080/15435075.2021.1930004,NULL,https://www.tandfonline.com/journals/ljge20,15435075,False,False,3.3
2021fssLyNM,"Fruit-Fly optimization-based feature integration in image retrieval",JUL,2021,JUN,2022,"Pavithra Latha Kumaresan, Subbulakshmi Pasupathi, Sindhia Lingaswamy, Sree Sharmila Thangaswamy, Vimal Shunmuganathan and Danilo Pelusi",NULL,NULL,NULL,False,NULL,NULL,article,Journal,"MATHEMATICAL BIOSCIENCES AND ENGINEERING",NULL,2021,7,18,6178-6197,"Scopus, Web of Sciences",Q1,NULL,10.3934/mbe.2021309,NULL,http://dx.doi.org/10.3934/mbe.2021309,1551-0018,False,False,2.6
2021FsyDRkP,"Reconstructed phase space portraits for detecting brain diseases using deep learning",JUL,2021,JUN,2022,"N. Ilakiyaselvan, A. Nayeemulla Khan, A. Shahina",NULL,NULL,NULL,False,NULL,NULL,article,Journal,"BIOMEDICAL SIGNAL PROCESSING AND CONTROL",NULL,2021,10,71,103278,"Scopus, Web of Sciences",Q1,NULL,10.1016/j.bspc.2021.103278,NULL,http://dx.doi.org/10.1016/j.bspc.2021.103278,1746-8094,False,False,5.1
2021fZRMbbQ,"Secure data hiding by fruit fly optimization improved hybridized seeker algorithm",JUL,2020,JUN,2021,"Roselin Kiruba, R., Sree Sharmila, T.",NULL,NULL,NULL,False,NULL,NULL,article,Journal,"Multidim Syst Sign Process",NULL,2021,4,32,NULL,"Scopus, Web of Sciences",Q1,NULL,10.1007/s11045-019-00697-w,NULL,https://www.springer.com/journal/11045,15730824,False,False,2.5
2021gnGgBbz,"IoT-Cloud Empowered Aerial Scene Classification for Unmanned Aerial Vehicles in Computers,",JUL,2021,JUN,2022,"K. R. Uthayan, G. Lakshmi Vara Prasad, V. Mohan, C. Bharatiraja, Irina V. Pustokhina, Denis A. Pustokhin, Vicente GarcQian DQian z",NULL,NULL,NULL,False,NULL,NULL,article,Journal,"Computers, Materials & Continua",NULL,2021,10,70,5161-5177,"Scopus, Web of Sciences",Q1,NULL,10.32604/cmc.2022.021300,NULL,http://dx.doi.org/10.32604/cmc.2022.021300,1546-2226,False,False,3.1
2021IcYPxmR,"NoRegINT—A Tool for Performing OSINT and Analysis from Social Media",JUL,2020,JUN,2021,"Dr. S.Karthika, Dr. N.Bhalaji, Dr. S.Chithra, N. Sri Harikarthick, Debadyuti Bhattacharya",NULL,NULL,NULL,False,NULL,NULL,inbook,"Book Chapter","Lecture Notes in Networks and Systems",NULL,2021,3,173,NULL,Scopus,Q4,0,10.1007/978-981-33-4305-4,NULL,https://link.springer.com/book/10.1007/978-981-33-4305-4,23673370,False,False,0
2021mBfQgyS,"EarNet: Biometric Embeddings for End to End Person Authentication System Using Transient Evoked Otoacoustic Emission Signals",JUL,2021,JUN,2022,"Akshath Varugeese, A. Shahina, Khadar Nawas, A. Nayeemulla Khan",NULL,NULL,NULL,False,NULL,NULL,article,Journal,"NEURAL PROCESSING LETTERS",NULL,2021,11,54,21-41,"Scopus, Web of Sciences",Q2,NULL,10.1007/s11063-021-10546-2,NULL,http://dx.doi.org/10.1007/s11063-021-10546-2,1370-4621,False,False,3.1
2021moadihj,"Understanding Lombard Speech: A Review of compensation techniques towards improving Speech Based Recognition Systems",JUL,2020,JUN,2021,"Uma Maheswari S, Shahina A, and Nayeemulla Khan A",NULL,NULL,NULL,False,NULL,NULL,article,Journal,"Artificial Intelligence Review",NULL,2021,4,54,NULL,"Scopus, Web of Sciences",Q1,NULL,10.1007/s10462-020-09907-5,NULL,https://www.springer.com/journal/10462,2692821,False,False,12
2021mscrefg,"Underwater Acoustic Image Denoising Using Stationary Wavelet Transform and Various Shrinkage Functions",JUL,2021,JUN,2022,"Priyadharsini Ravisankar, Sree Sharmila Thangaswamy",NULL,NULL,NULL,False,NULL,NULL,article,Journal,"Electronic Letters on Computer Vision and Image Analysis",NULL,2021,12,20,38-50,Scopus,Q3,NULL,10.5565/rev/elcvia.1360,NULL,http://dx.doi.org/10.5565/rev/elcvia.1360,1577-5097,False,False,0
2021NOZjcES,"Miniaturized Dual-Band Metamaterial-Loaded Antenna for Heterogeneous Vehicular Communication Networks",JUL,2020,JUN,2021,"E. M. Malathy,I. R. Praveen Joe, P. Ajitha",NULL,NULL,NULL,False,NULL,NULL,article,Journal,"IETE Journal of Research",NULL,2021,3,69,2436-2445,"Scopus, Web of Sciences",Q2,NULL,10.1080/03772063.2021.1892539,NULL,https://www.tandfonline.com/journals/tijr20,NULL,False,False,1.5
2021OKolcqQ,"Optimised feature selection for early cancer detection",JUL,2021,JUN,2022,"K.R. Uthayan, S. Mohanavalli, B. Nivetha, S. Dhivya",NULL,NULL,NULL,False,NULL,NULL,article,Journal,"Genetika, Drustvo Geneticara Srbije",NULL,2021,9,53,1297-1309,Scopus,Q3,NULL,10.2298/gensr2103297u,NULL,http://dx.doi.org/10.2298/gensr2103297u,0534-0012,False,False,0
2021OOFnlJz,"Performance evaluation of encryption algorithm using fruit fly optimization improved hybridized seeker and PVD algorithm",JUL,2021,JUN,2022,"R. Roselinkiruba, T. Sree Sharmila",NULL,NULL,NULL,False,NULL,NULL,article,Journal,"International Journal of Information Technology",NULL,2021,8,13,NULL,Scopus,Q2,NULL,10.1007/s41870-021-00774-z,NULL,http://dx.doi.org/10.1007/s41870-021-00774-z,2511-2104,False,False,0
2021oUhuEQh,"Rumor Identification and Verification for Text in Social Media Conten",JUL,2021,JUN,2022,"P Suthanthira Devi, S Karthika",NULL,NULL,NULL,False,NULL,NULL,article,Journal,"COMPUTER JOURNAL",NULL,2021,9,65,NULL,"Scopus, Web of Sciences",Q2,NULL,10.1093/comjnl/bxab118,NULL,http://dx.doi.org/10.1093/comjnl/bxab118,0010-4620,False,False,1.4
2021pQiXcpe,"Intelligent Deep Learning Based Disease Diagnosis Using Biomedical Tongue Images",JUL,2021,JUN,2022,"V. Thanikachalam, S. Shanthi, K. Kalirajan, Sayed Abdel-Khalek, Mohamed Omri, Lotfi M. Ladhar",NULL,NULL,NULL,False,NULL,NULL,article,Journal,"CMC-COMPUTERS MATERIALS &CONTINUA, TECH SCIENCE PRESS",NULL,2021,10,70,5667-5681,"Scopus, Web of Sciences",Q1,NULL,10.32604/cmc.2022.020965,NULL,http://dx.doi.org/10.32604/cmc.2022.020965,1546-2226,False,False,3.1
2021qSLYADy,"Biometric identification using transient evoked otoacoustic emission signals based on recurrence plots and convolutional neural networks",JUL,2020,JUN,2021,"Shahina A, Harshini V, Dhanwin, Khadar Nawas K, Nayeemulla Khan",NULL,NULL,NULL,False,NULL,NULL,article,Journal,"Journal of Huazhong University of Science and Technology",NULL,2021,1,50,NULL,Scopus,NULL,NULL,NULL,NULL,NULL,16720733,False,False,0
2021QvVweit,"Enhancing Speech Quality Using Artificial Bandwidth Expansion with Deep Shallow Convolution Neural Network Framework",JUL,2021,JUN,2022,"N. Radha, R. B. Jananie, A. Anto Silviya",NULL,NULL,NULL,False,NULL,NULL,article,Journal,"FLUCTUATION AND NOISE LETTERS",NULL,2021,7,21,NULL,"Scopus, Web of Sciences",Q1,NULL,10.1142/s0219477522500080,NULL,http://dx.doi.org/10.1142/s0219477522500080,0219-4775,False,False,1.8
2021RyHIUtG,"End-to-End Speech Recognition of Tamil Language",JUL,2021,JUN,2022,"Mohamed Hashim Changrampadi, A. Shahina, M. Badri Narayanan, A. Nayeemulla Khan",NULL,NULL,NULL,False,NULL,NULL,article,Journal,"Intelligent Automation and Soft Computing, Tech Science Press",NULL,2021,11,32,1309-1323,"Scopus, Web of Sciences",Q2,NULL,10.32604/iasc.2022.022021,NULL,http://dx.doi.org/10.32604/iasc.2022.022021,1079-8587,False,False,2
2021svmXZrn,"Acoustic-visual based Accent Identification system using deep neural networks",JUL,2020,JUN,2021,"Radha N, Sachin Madhavan RM",NULL,NULL,NULL,False,NULL,NULL,article,Journal,"REVISTA ARGENTINA DE CLINICA PSICOLOGICA",NULL,2021,1,30,NULL,"Scopus, Web of Sciences",NULL,NULL,NULL,NULL,https://www.revistaclinicapsicologica.com/,3276716,False,False,0.508
2021sVzRYwD,"Assurance on data integrity in cloud data centre using PKI built RDIC method",JUL,2020,JUN,2021,"Arulkumar, V., R. Lathamanju, and A. Sandanakaruppan",NULL,NULL,NULL,False,NULL,NULL,article,Journal,"Recent Trends in Communication and Electronics",NULL,2021,6,NULL,5,NULL,NULL,NULL,10.1201/9781003193838/recent-trends-communication-electronics-sanjay-sharma-astik-biswas-brajesh-kumar-kaushik-vibhav-sachan,NULL,https://www.taylorfrancis.com/books/edit/10.1201/9781003193838/recent-trends-communication-electronics-sanjay-sharma-astik-biswas-brajesh-kumar-kaushik-vibhav-sachan?refId=a2fde4ba-89f0-491e-be91-63f71b9f7339&context=ubx,9781003193838,False,False,0
2021ULdickN,"Blockchain-Based Chameleon Hashing Technique for Privacy Preservation in E-Governance System",JUL,2020,JUN,2021,"Ranjith Kumar, M.V., Bhalaji, N.",NULL,NULL,NULL,False,NULL,NULL,article,Journal,"Wireless Personal Communication (2020)",NULL,2021,3,118,NULL,"Scopus, Web of Sciences",Q2,NULL,10.1007/s11277-020-07907-w,NULL,https://www.springer.com/journal/11277,NULL,False,False,2.2
2021UshcqgO,"Impact of Singing Bowl Playing on the Brain Using EEG",JUL,2021,JUN,2022,"Sundharakumar K. B., Bhalaji N., Rema Devi R. K., Srinivasan R.",NULL,NULL,NULL,False,NULL,NULL,article,Journal,"International Journal of Electrical Engineering and Technology",NULL,2021,9,12,55-66,Scopus,Q4,NULL,10.34218/ijeet.12.9.2021.006,NULL,http://dx.doi.org/10.34218/ijeet.12.9.2021.006,0976-6553,False,False,0
2021XadpGZX,"Recognition of hand signs based on geometrical features using machine learning and deep learning approaches",JUL,2021,JUN,2022,"J. Kulandai Josephine Julina, T. Sree Sharmila",NULL,NULL,NULL,False,NULL,NULL,article,Journal,"Revista Argentina De Clinica Psicologica",NULL,2021,12,30,175-183,"Scopus, Web of Sciences",Q4,NULL,NULL,NULL,https://www.revistaclinicapsicologica.com/data-cms/articles/20220312093540pmSSCI-708.pdf,3276716,False,False,0.5
2021xiugQPN,"An adaboost-modified classifier using particle swarm optimization and stochastic diffusion search in wireless IoT networks",JUL,2020,JUN,2021,"E. Suganya, C. Rajan",NULL,NULL,NULL,False,NULL,NULL,article,Journal,"Wireless Networks",NULL,2021,5,27,NULL,"Scopus, Web of Sciences",Q1,NULL,10.1007/s11276-020-02504-y,NULL,https://doi.org/10.1007/s11276-020-02504-y,1022-0038,False,False,NULL
2021YQnARVT,"Parkinson's Disease Detection using Machine Learning Techniques",JUL,2021,JUN,2022,"Radha N, Sachin Madhavan RM, Sameera holy S",NULL,NULL,NULL,False,NULL,NULL,article,Journal,"Revista Argentina de Clinica Psicologica",NULL,2021,8,30,543-552,"Scopus, Web of Sciences",Q4,NULL,NULL,NULL,https://www.revistaclinicapsicologica.com/archivesarticle.php?id=494,0327-6716,False,False,0.5
2021ZEhyAgt,"Auto-Off ID: Automatic Detection of Offensive Language in Social Media",JUL,2020,JUN,2021,"Geetha, R., S. Karthika, Chaluvadi Jwala Sowmika, and Bharathi M. Janani.",NULL,NULL,NULL,False,NULL,NULL,article,Journal,"Journal of Physics: Conference Series,  Volume 1911, International Conference on Innovative Technology for Sustainable Development 2021 (ICITSD 2021) 27-29 January 2021, Chennai, India",NULL,2021,1,1911,27-29,Scopus,Q4,NULL,10.1088/1742-6596/1911/1/012012,NULL,NULL,17426588,False,False,0
2022aQsURgP,"DetecSec: A Framework to Detect and Mitigate ARP Cache Poisoning Attacks",JUL,2021,JUN,2022,"Bhattacharya, D., Sri Hari Karthick, N., Suresh, P., Bhalaji, N.",NULL,NULL,NULL,False,NULL,NULL,inbook,"Book Chapter","Lecture Notes on Data Engineering and Communications Technologies",NULL,2022,3,116,NULL,Scopus,Q3,1,10.1007/978-981-16-9605-3,NULL,https://doi.org/10.1007/978-981-16-9605-3,23674512,False,False,0
2022CjDwEAV,"An Enhanced and Efficient Permission Manager for Android Automotives",JUL,2022,JUN,2023,"V.Sivamurugan K.R. Uthayan  ",NULL,NULL,NULL,False,NULL,NULL,article,Journal,"International Journal of Early Childhood Special Education",NULL,2022,11,14,1308-5581,Scopus,NULL,NULL,NULL,NULL,https://www.int-jecse.net/media/article_pdfs/JOURNAL_PAPER_1.pdf,1308-5581,False,False,5.71
2022cNrleBT,"Swear Words Replacement Suggestion System",JUL,2021,JUN,2022,"Naveen, S., Mayank Singh, and S. Karthika",NULL,NULL,NULL,False,NULL,NULL,inbook,"Book Chapter","ICT Analysis and Applications",NULL,2022,1,314,NULL,Scopus,NULL,0,10.1007/978-981-16-5655-2,NULL,https://link.springer.com/book/10.1007/978-981-16-5655-2,978-981-15-0630-7,False,False,0
2022dCNgwGA,"Texture Image Classification and Retrieval Using Multi-resolution Radial Gradient Binary Pattern",JUL,2021,JUN,2022,"Latha Kumaresan Pavithra Thangaswamy Sree Sharmila P Subbulakshmi ",NULL,NULL,NULL,False,NULL,NULL,article,Journal,"APPLIED ARTIFICIAL INTELLIGENCE",NULL,2022,1,35,2298-2326,"Scopus, Web of Sciences",Q2,NULL,10.1080/08839514.2021.2001176,NULL,http://dx.doi.org/10.1080/08839514.2021.2001176,NULL,False,False,2.8
2022dICJMmd,"Measuring the accuracy of Satellite Image Dataset using Fusion based Classification with Neural Networks",JUL,2022,JUN,2023,"Swathika, R Radha, N  ",NULL,NULL,NULL,False,NULL,NULL,article,Journal,Neuroquantology,NULL,2022,9,20,NULL,Scopus,NULL,NULL,NULL,NULL,https://www.proquest.com/openview/b3930831cd7a292046c55a44e938de9c/1?pq-origsite=gscholar&cbl=2035897,NULL,False,False,0.453
2022dvUKups,"Gradient Boost-Modified Classifier with Particle Swarm Optimization and Stochastic Diffusion Search Method for Data Optimization in Wireless Sensor Networks",JUL,2021,JUN,2022,"E Suganya   ",NULL,NULL,NULL,False,NULL,NULL,article,Journal,"Ad-Hoc and Sensor Wireless Networks",NULL,2022,5,54,193-218,"Scopus, Web of Sciences",Q3,NULL,NULL,NULL,https://openurl.ebsco.com/EPDB%3Agcd%3A1%3A18026497/detailv2?sid=ebsco%3Aplink%3Ascholar&id=ebsco%3Agcd%3A162448295&crl=f,1551-9899,False,False,0.2
2022fjgVYxc,"Data Analytics and Reporting API - A Reliable Tool for Data Visualization and Predictive Analysis",JUL,2021,JUN,2022,"Joe Louis Paul Ignatius Sasirekha Selvakumar Spandana JSN Subasri Govindarajan",NULL,NULL,NULL,False,NULL,NULL,article,Journal,"INFORMATION TECHNOLOGY AND CONTROL",NULL,2022,4,NULL,NULL,"Scopus, Web of Sciences",Q3,NULL,10.5755/j01.itc.51.1.29467,NULL,http://dx.doi.org/10.5755/j01.itc.51.1.29467,NULL,False,False,NULL
2022GjGVLGe,"An Efficient Edge Preserving Interpolation Method for Underwater Acoustic Image Resolution Enhancement",JUL,2021,JUN,2022,"R. Priyadharsini T. Sree Sharmila  ",NULL,NULL,NULL,False,NULL,NULL,article,Journal,"ARCHIVES OF ACOUSTICS",NULL,2022,5,47,267-274,"Scopus, Web of Sciences",Q2,NULL,10.24425/aoa.2022.141655,NULL,http://dx.doi.org/10.24425/aoa.2022.141655,NULL,False,False,1
2022gptuRVQ,"Impact of process-induced ellipticity on the RESET process of cylindrical phase change memory devices",JUL,2022,JUN,2023,"Suresh Durai K C Chandini Devi Srinivasan Raj Anbarasu Manivannan",NULL,NULL,NULL,False,NULL,NULL,article,Journal,"PHYSICA SCRIPTA",NULL,2022,11,97,125005,"Scopus, Web of Sciences",Q1,NULL,10.1088/1402-4896/ac9dcd,NULL,http://dx.doi.org/10.1088/1402-4896/ac9dcd,1402-4896,False,False,2.6
2022GSovnpR,"COVID-19 Detection Using Chest X-rays: CNN as a Classifier Versus CNN as a Feature Extractor",JUL,2021,JUN,2022,"Sriram, N.A., Vishaq, J., Dhanwin, T., Harshini, V., Shahina, A., Nayeemulla Khan, A",NULL,NULL,NULL,False,NULL,NULL,inbook,"Book Chapter","Machine Intelligence and Smart Systems, Algorithms for Intelligent Systems",NULL,2022,5,NULL,NULL,NULL,NULL,0,10.1007/978-981-16-9650-3,NULL,https://doi.org/10.1007/978-981-16-9650-3,2524-7573,False,False,0
2022gwnIcOs,"Blockchain based system for transfer of funds through an e-Governance application",JUL,2022,JUN,2023,"Jansi Rani SELLA VELUSWAMI Yamini LAKSHMI NARSIMHAN Shivaani KRISHNAKUMAR Radha NATARAJAN",NULL,NULL,NULL,False,NULL,NULL,article,Journal,"Romanian Journal of Information Technology & Automatic Control",NULL,2022,10,32,93-102,"Scopus, Web of Sciences",NULL,NULL,10.33436/v32i4y202208,NULL,http://dx.doi.org/10.33436/v32i4y202208,NULL,False,False,0.5
2022jouMDJs,"Identification and Diagnosis of Breast Cancer using a Composite Machine Learning Techniques",JUL,2022,JUN,2023,"Prabu Kanna Abinash M J Suganya E S Sountharrajan S, Bhuvaneswari R, K Geetha",NULL,NULL,NULL,False,NULL,NULL,article,Journal,"Journal of Pharmaceutical Negative Results",NULL,2022,10,13,46-63,Scopus,NULL,NULL,10.47750/pnr.2022.13.04.009,NULL,http://dx.doi.org/10.47750/pnr.2022.13.04.009,0976-9234,False,False,0
2022kcbZaDP,"An efficient hand gesture recognition based on optimal deep embedded hybrid convolutional neural network-long short term memory network model",JUL,2021,JUN,2022,"Gajalakshmi Palanisamy Sree Sharmila Thangaswamy  ",NULL,NULL,NULL,False,NULL,NULL,article,Journal,"CONCURRENCY AND COMPUTATION-PRACTICE & EXPERIENCE",NULL,2022,4,34,NULL,"Scopus, Web of Sciences",Q1,NULL,10.1002/cpe.7109,NULL,http://dx.doi.org/10.1002/cpe.7109,NULL,False,False,2
2022kgAUMgA,"Will I Regret for This Tweet?'--Twitter User's Behavior Analysis System for Private Data Disclosure",JUL,2021,JUN,2022,"R Geetha, S Karthika, Ponnurangam Kumaraguru",NULL,NULL,NULL,False,NULL,NULL,article,Journal,"COMPUTER JOURNAL",NULL,2022,2,65,275-296,"Scopus, Web of Sciences",Q2,NULL,10.1093/comjnl/bxaa027,NULL,https://doi.org/10.1093/comjnl/bxaa027,0010-4620,False,False,1.4
2022KVLDkcn,"Automatic Credit Fraud Detection Using Ensemble Model.",JUL,2021,JUN,2022,"Srinidhi, S., K. Sowmya, and S. Karthika",NULL,NULL,NULL,False,NULL,NULL,inbook,"Book Chapter","ICT Analysis and Applications",NULL,2022,1,314,NULL,Scopus,NULL,1,10.1007/978-981-16-5655-2,NULL,https://link.springer.com/book/10.1007/978-981-16-5655-2,978-981-15-0630-7,False,False,0
2022ljCnYzg,"Histogram Matched Chest X-Rays Based Tuberculosis Detection Using CNN",JUL,2022,JUN,2023,"Joe Louis Paul Ignatius Sasirekha Selvakumar Kavin Gabriel Joe Louis Paul Aadhithya B. Kailash, S. Keertivaas, S. A. J. Akarvin Raja Prajan",NULL,NULL,NULL,False,NULL,NULL,article,Journal,"Computer Systems Science and Engineering",NULL,2022,7,44,81-97,"Scopus, Web of Sciences",Q2,NULL,10.32604/csse.2023.025195,NULL,http://dx.doi.org/10.32604/csse.2023.025195,0267-6192,False,False,0
2022lPSoPLt,"Privacy Protected IoT-Blockchain using ZKP for Healthcare application",JUL,2022,JUN,2023,"Yugha R S. Chithra N. Bhalaji S. Karthika",NULL,NULL,NULL,False,NULL,NULL,article,Journal,"Journal of Control Engineering and Applied Informatics",NULL,2022,10,NULL,NULL,"Scopus, Web of Sciences",NULL,NULL,NULL,NULL,http://ceai.srait.ro/index.php?journal=ceai,1454-8658,False,False,0.4
2022MgRtSRR,"A Hybrid PSO-ACO Algorithm to Facilitate Software Project Scheduling",JUL,2022,JUN,2023,"Praveen Joe I. R. Malathy E. M. Aishwarya S. Akila R., Akshaya A",NULL,NULL,NULL,False,NULL,NULL,article,Journal,"International Journal of e-Collaboration",NULL,2022,12,18,12,"Scopus, Web of Sciences",Q3,NULL,NULL,NULL,https://www.igi-global.com/article/a-hybrid-pso-aco-algorithm-to-facilitate-software-project-scheduling/304039,15483681,False,False,0.2
2022mTtHfbR,"Enhanced Distributed Storage System Using Lower Triangular Matrix-Luby Transform Codes",JUL,2022,JUN,2023,"Joe Louis Paul Ignatius Sasirekha Selvakumar  ",NULL,NULL,NULL,False,NULL,NULL,article,Journal,"Intelligent Automation and Soft Computing",NULL,2022,9,33,1941-1959,Scopus,Q2,NULL,10.32604/iasc.2022.024173,NULL,http://dx.doi.org/10.32604/iasc.2022.024173,1079-8587,False,False,NULL
2022nFeOoSG,"Applications of Open Source Intelligence in Crisis Analysis—A COVID-19 Case Study",JUL,2021,JUN,2022,"Buvanasri, A. K., R. Meenakshi, and S. Karthika",NULL,NULL,NULL,False,NULL,NULL,inbook,"Book Chapter","ICT Systems and Sustainability",NULL,2022,1,321,NULL,NULL,NULL,1,10.1007/978-981-16-5987-4,NULL,https://link.springer.com/book/10.1007/978-981-16-5987-4,978-981-15-0936-0,False,False,0
2022nfxgsnI,"Epileptic seizure detection using convolutional neural networks and recurrence plots of EEG signals",JUL,2021,JUN,2022,"Sriya Ravi Shreenidhi S A. Shahina A. Nayeemulla Khan",NULL,NULL,NULL,False,NULL,NULL,article,Journal,"MULTIMEDIA TOOLS AND APPLICATIONS",NULL,2022,5,81,NULL,"Scopus, Web of Sciences",Q1,NULL,10.1007/s11042-021-11608-2,NULL,http://dx.doi.org/10.1007/s11042-021-11608-2,NULL,False,False,3.6
2022NJadqhM,"Cow Disease (LSD) Classification System for predicting different Severity levels.",JUL,2021,JUN,2022,"V.Sivamurugan K.R. Uthayan V. Thanikachalam ",NULL,NULL,NULL,False,NULL,NULL,article,Journal,"International Journal of Early Childhood Special Education",NULL,2022,3,14,2860-2873,"Scopus, Web of Sciences",Q4,NULL,NULL,NULL,https://www.int-jecse.net/media/article_pdfs/LSD_JOURNAL_PAPER_1.pdf,1308-5581,False,False,NULL
2022NoFqXnQ,"RDNN: Rumor Detection Neural Network for Veracity Analysis in Social Media Text",JUL,2022,JUN,2023,"SuthanthiraDevi P Karthika S  ",NULL,NULL,NULL,False,NULL,NULL,article,Journal,"KSII TRANSACTIONS ON INTERNET AND INFORMATION SYSTEMS",NULL,2022,12,16,3868-3888,"Scopus, Web of Sciences",Q3,NULL,10.3837/tiis.2022.12.005,NULL,http://dx.doi.org/10.3837/tiis.2022.12.005,1976-7277,False,False,1.5
2022noYKYPF,"Efficient Authentication System Using Wavelet Embeddings of Otoacoustic Emission Signals",JUL,2022,JUN,2023,"V. Harshini T. Dhanwin A. Shahina N. Safiyyah, A. Nayeemulla Khan",NULL,NULL,NULL,False,NULL,NULL,article,Journal,"Computer Systems Science and Engineering",NULL,2022,11,81,NULL,"Scopus, Web of Sciences",Q2,NULL,10.32604/csse.2023.028136,NULL,http://dx.doi.org/10.32604/csse.2023.028136,0267-6192,False,False,3.6
2022obncPqN,"Analysis of Cryptocurrency Mining in Gaming Consoles",JUL,2021,JUN,2022,"Shanmuga Skandh Vinayak, E., Bhalaji, N., Gao, XZ",NULL,NULL,NULL,False,NULL,NULL,inbook,"Book Chapter","Lecture Notes in Electrical Engineering",NULL,2022,4,869,NULL,Scopus,Q4,0,10.1007/978-981-19-0019-8,NULL,https://doi.org/10.1007/978-981-19-0019-8,18761119,False,False,0
2022oQdiBMj,"A Distance Vector Hop and Differential Evolution based Interception Strategy for detecting Cross Border Infiltration in Underground Tunnel",JUL,2022,JUN,2023,"S. Venkatesh N. Bhalaji  ",NULL,NULL,NULL,False,NULL,NULL,article,Journal,"DEFENCE SCIENCE JOURNAL",NULL,2022,7,72,392-401,"Scopus, Web of Sciences",Q3,NULL,10.14429/dsj.72.17207,NULL,http://dx.doi.org/10.14429/dsj.72.17207,NULL,False,False,0.7
2022osjaKxk,"A hybrid approach for analysis of brain lateralisation in autistic children using graph theory techniques and deep belief networks",JUL,2021,JUN,2022,"Kavitha Anandan Hualou Liang Vidhusha S N. Udayakumar",NULL,NULL,NULL,False,NULL,NULL,article,Journal,"International Journal of Biomedical Engineering and Technology",NULL,2022,3,39,40-64,"Scopus, Web of Sciences",Q2,NULL,10.1504/ijbet.2022.10047886,NULL,http://dx.doi.org/10.1504/ijbet.2022.10047886,NULL,False,False,1.1
2022QpDkCuq,"An Ensemble Approach to Recognize Activities in Smart Environment Using Motion Sensors and Air Quality Sensors",JUL,2022,JUN,2023,"Srivatsan, S., Bamrah, S.K., Gayathri, K.S",NULL,NULL,NULL,False,NULL,NULL,inbook,"Book Chapter","Data Intelligence and Cognitive Informatics. Algorithms for Intelligent Systems",NULL,2022,12,NULL,NULL,NULL,NULL,0,10.1007/978-981-19-6004-8,NULL,https://link.springer.com/book/10.1007/978-981-19-6004-8,2524-7573,False,False,0
2022srqYfqj,"Alzheimer's Dementia: Diagnosis and Prognosis using Neuro-Imaging Analysis",JUL,2022,JUN,2023,"Sountharrajan S Karthiga M Suganya E Rajan",NULL,NULL,NULL,False,NULL,NULL,article,Journal,"Journal of Pharmaceutical Negative Results",NULL,2022,10,13,46-63,Scopus,NULL,NULL,10.47750/pnr.2022.13.04.006,NULL,http://dx.doi.org/10.47750/pnr.2022.13.04.006,0976-9234,False,False,0
2022SuXAbwD,"Program Synthesis—A Survey",JUL,2021,JUN,2022,"Jacindha, S., Abishek, G., Vasuki, P",NULL,NULL,NULL,False,NULL,NULL,inbook,"Book Chapter","Computational Intelligence in Machine Learning. Lecture Notes in Electrical Engineering",NULL,2022,3,834,NULL,Scopus,Q4,0,10.1007/978-981-16-8484-5,NULL,https://doi.org/10.1007/978-981-16-8484-5,18761119,False,False,0
2022tUnhLBH,"A new multi-stream approach using acoustic and visual features for robust speech recognition system",JUL,2022,JUN,2023,"N. Radha A. Shahina A. Nayeemulla Khan Jansi Rani Sella Velusami",NULL,NULL,NULL,False,NULL,NULL,article,Journal,"Materials Today: Proceedings",NULL,2022,8,62,4916-4924,Scopus,Q3,NULL,10.1016/j.matpr.2022.03.537,NULL,http://dx.doi.org/10.1016/j.matpr.2022.03.537,2214-7853,False,False,0
2022uEMhAnE,"A neutrosophic approach for glaucoma detection in retinal Images",JUL,2022,JUN,2023,"J. Sofia Jennifer T. Sree Sharmila  ",NULL,NULL,NULL,False,NULL,NULL,article,Journal,"Proceedings of The Romanian Academy, Series A",NULL,2022,10,NULL,NULL,"Scopus, Web of Sciences",NULL,NULL,NULL,NULL,https://acad.ro/sectii2002/proceedings/doc2022-4/proc_pag2022_n04.htm,1454-9069,False,False,NULL
2022UYyzMbt,"Optimum anamorphic image generation using image rotation and relative entropy",JUL,2022,JUN,2023,"L. K. Pavithra R. Srinivasan T. Sree Sharmila ",NULL,NULL,NULL,False,NULL,NULL,article,Journal,"MULTIMEDIA TOOLS AND APPLICATIONS",NULL,2022,11,81,NULL,"Scopus, Web of Sciences",Q1,NULL,10.1007/s11042-022-12982-1,NULL,http://dx.doi.org/10.1007/s11042-022-12982-1,NULL,False,False,3
2022vEgqMTT,"A multimodal Lombard speech recognition system for the confusable Hindi syllabic units",JUL,2022,JUN,2023,"S. Uma Maheswari N. Radha A. Shahina P. Prabha, B.T. Preethi Sri, A. Nayeemulla Khan",NULL,NULL,NULL,False,NULL,NULL,article,Journal,"Materials Today: Proceedings",NULL,2022,9,62,5034-5041,Scopus,Q3,NULL,10.1016/j.matpr.2022.04.996,NULL,http://dx.doi.org/10.1016/j.matpr.2022.04.996,2214-7853,False,False,0
2022wgUfGul,"Neutrosophic Approach of Segmentation on Thermal Images - Case Study: Drowsy Driving Application",JUL,2021,JUN,2022,"Sofia Jennifer J Sree Sharmila T  ",NULL,NULL,NULL,False,NULL,NULL,article,Journal,NeuroQuantologyÃƒâ€šÃ‚&nbsp;,NULL,2022,3,20,NULL,Scopus,Q4,NULL,NULL,NULL,https://www.proquest.com/openview/3c6cb976311ef4cabe11d4cf24c4e887/1?pq-origsite=gscholar&cbl=2035897,13035150,False,False,0.5
2022xiSpsEq,"Design of Hierarchical Classifier to Improve Speech Emotion Recognition",JUL,2021,JUN,2022,"P. Vasuki Aravindan C  ",NULL,NULL,NULL,False,NULL,NULL,article,Journal,"Computer Systems Science and Engineering",NULL,2022,6,44,19-33,"Scopus, Web of Sciences",Q2,NULL,10.32604/csse.2023.024441,NULL,http://dx.doi.org/10.32604/csse.2023.024441,0267-6192,False,False,2
2022YeveFaD,"M-SHIELD—An Application for Tracking Lost Phones",JUL,2022,JUN,2023,"Chetna, J.A., Indirapriyadarshini, A., Karthika, S.",NULL,NULL,NULL,False,NULL,NULL,inbook,"Book Chapter","Inventive Communication and Computational Technologies. Lecture Notes in Networks and Systems",NULL,2022,11,383,NULL,Scopus,Q4,0,10.1007/978-981-19-4960-9,NULL,https://link.springer.com/book/10.1007/978-981-19-4960-9,23673370,False,False,0
2022yJKXgHJ,"Reconfigurable FET-Based Tunable Ring Oscillator and Its Single Event Effect Performance",JUL,2022,JUN,2023,"G. Durga Jayakumar Susanta Kumar Pal R. Srinivasan ",NULL,NULL,NULL,False,NULL,NULL,article,Journal,"JOURNAL OF CIRCUITS SYSTEMS AND COMPUTERS",NULL,2022,12,31,NULL,"Scopus, Web of Sciences",NULL,NULL,10.1142/s0218126622400084,NULL,http://dx.doi.org/10.1142/s0218126622400084,NULL,False,False,0.9
2022YpnQEDh,"A Layer-Wise Relevance Propagation Based Feature Selection and Hybid Classification Model for Automatic Detection of Parkinson's Disease Using Gait Signals",JUL,2021,JUN,2022,"Swathika R Radha N  ",NULL,NULL,NULL,False,NULL,NULL,article,Journal,"Revista Argentina de Clinica Psicologica",NULL,2022,2,31,24-35,"Scopus, Web of Sciences",Q4,NULL,NULL,NULL,https://www.revistaclinicapsicologica.com/data-cms/articles/20221220023924pm6003.pdf,3276716,False,False,0.5
2022yUmCeVI,"Generative Adversarial Networks and Their Application in Fake Tweet Detection",JUL,2022,JUN,2023,"Jockim, J.M., Meghana, K., Karthika, S",NULL,NULL,NULL,False,NULL,NULL,inbook,"Book Chapter","Inventive Communication and Computational Technologies. Lecture Notes in Networks and Systems",NULL,2022,11,383,NULL,Scopus,Q4,0,10.1007/978-981-19-4960-9,NULL,https://link.springer.com/book/10.1007/978-981-19-4960-9,23673370,False,False,0
2022Yvfiyuh,"Veracity assessment by single and multi-source identification algorithms during the crisis",JUL,2021,JUN,2022,"P. Suthanthiradevi S. Karthika  ",NULL,NULL,NULL,False,NULL,NULL,article,Journal,"JOURNAL OF INTELLIGENT & FUZZY SYSTEMS",NULL,2022,3,42,1421-1431,"Scopus, Web of Sciences",Q1,NULL,10.3233/jifs-210540,NULL,http://dx.doi.org/10.3233/jifs-210540,NULL,False,False,2
2022YYbPxPy,"An Effective Crack Identification in Civil Infrastructure with IoT and Improved Convolutional Neural Network",JUL,2022,JUN,2023,"S. Yoganand S. Chithra  ",NULL,NULL,NULL,False,NULL,NULL,article,Journal,"INTERNATIONAL JOURNAL OF STRUCTURAL STABILITY AND DYNAMICS",NULL,2022,12,22,2000000,"Scopus, Web of Sciences",Q1,NULL,10.1142/s0219455422501280,NULL,http://dx.doi.org/10.1142/s0219455422501280,NULL,False,False,3.6
2023asUlZhs,"Federated Blockchain Model for Cyber Intrusion Analysis in Smart Grid Networks",JUL,2022,JUN,2023,"N. Sundareswaran S. Sasirekha  ",NULL,NULL,NULL,False,NULL,NULL,article,Journal,"Intelligent Automation and Soft Computing",NULL,2023,1,36,2129-2143,Scopus,Q2,NULL,10.32604/iasc.2023.034381,NULL,http://dx.doi.org/10.32604/iasc.2023.034381,1079-8587,False,False,2
2023BeqOGKj,"Automated Detection and Segmentation of Mammogram Images using Deep Learning Techniques",JUL,2023,JUN,2024,"Dhivya S. Mohanavalli S. Kavitha S  Sripriya N",NULL,NULL,NULL,False,NULL,NULL,article,Journal,"Indian Journal of Natural Sciences",NULL,2023,11,14,650-657,"Web of Sciences",NULL,NULL,NULL,NULL,https://tnsroindia.org.in/faq.html,NULL,False,False,NULL
2023cNhuVHl,"Enhanced retinal image captioning system for identifying and differentiating severity levels of diabetic retinopathy",JUL,2023,JUN,2024,"V. Sivamurugan K.R. Uthayan V. Thanikachalam ",NULL,NULL,NULL,False,NULL,NULL,article,Journal,Genetika,NULL,2023,12,55,983-996,"Scopus, Web of Sciences",Q3,NULL,10.2298/gensr2303983s,NULL,http://dx.doi.org/10.2298/gensr2303983s,0267-6192,False,False,NULL
2023dhoyUuN,"Flood susceptibility in urban environment using multi-layered neural network model from satellite imagery sources",JUL,2023,JUN,2024,"Swathika R Radha. N Sasirekha. S.P Dhanabal. S.",NULL,NULL,NULL,False,NULL,NULL,article,Journal,"GLOBAL NEST JOURNAL",NULL,2023,10,25,60-73,"Scopus, Web of Sciences",Q3,NULL,10.30955/gnj.005139,NULL,http://dx.doi.org/10.30955/gnj.005139,NULL,False,False,1.4
2023DvnQCar,"Multimodality dementia detection system using machine and deep learning",JUL,2022,JUN,2023,"Shruti Srivatsan, Sumneet Kaur Bamrah, K. S. Gayathri",NULL,NULL,NULL,False,NULL,NULL,inbook,"Book Chapter","Computational Intelligence Aided Systems for Healthcare Domain",NULL,2023,6,NULL,NULL,NULL,NULL,NULL,10.1201/9781003368342/computational-intelligence-aided-systems-healthcare-domain-akshansh-gupta-hanuman-verma-mukesh-prasad-jyoti-singh-kirar-ct-lin,NULL,https://www.taylorfrancis.com/books/edit/10.1201/9781003368342/computational-intelligence-aided-systems-healthcare-domain-akshansh-gupta-hanuman-verma-mukesh-prasad-jyoti-singh-kirar-ct-lin,NULL,False,False,NULL
2023EOaJqBD,"A Neutrosophic Set Approach on Chest X-rays for Automatic Lung Infection Detection",JUL,2022,JUN,2023,"J. Sofia Jennifer T. Sree Sharmila  ",NULL,NULL,NULL,False,NULL,NULL,article,Journal,"INFORMATION TECHNOLOGY AND CONTROL",NULL,2023,3,52,37-52,"Scopus, Web of Sciences",Q3,NULL,10.5755/j01.itc.52.1.31520,NULL,http://dx.doi.org/10.5755/j01.itc.52.1.31520,NULL,False,False,1.1
2023HfzJyCR,"Region Classification for Air Quality Estimation Using Deep Learning and Machine Learning Approach",JUL,2022,JUN,2023,"Bamrah, S.K., Srivatsan, S., Gayathri, K.S.",NULL,NULL,NULL,False,NULL,NULL,inbook,"Book Chapter","Machine Learning, Image Processing, Network Security and Data Sciences. Lecture Notes in Electrical Engineering,",NULL,2023,1,946,NULL,Scopus,Q4,1,10.1007/978-981-19-5868-7,NULL,https://link.springer.com/book/10.1007/978-981-19-5868-7,18761119,False,False,0
2023HLmLvTU,"Early Alzheimer Detection Through Speech Analysis and Vision Transformer Approach",JUL,2022,JUN,2023,"G. Pranav, K. Varsha, K. S. Gayathri",NULL,NULL,NULL,False,NULL,NULL,inbook,"Book Chapter",NULL,NULL,2023,5,NULL,NULL,Scopus,NULL,NULL,10.1007/978-3-031-33231-9_19,NULL,NULL,NULL,False,False,NULL
2023IWQWWxZ,"A Transformer Approach for Multi-Document Summarization using TR-BERT",JUL,2023,JUN,2024,"Divya S Sripriya N Mohanavalli S Mirunalini P",NULL,NULL,NULL,False,NULL,NULL,article,Journal,"Indian Journal of Natural Sciences",NULL,2023,10,14,NULL,"Web of Sciences",NULL,NULL,NULL,NULL,https://tnsroindia.org.in/faq.html,NULL,False,False,2.5
2023iZShVWH,"Assessment and classification of grid stability with cost-sensitive stacked ensemble classifier",JUL,2022,JUN,2023,"Karthikeyan Ramasamy Arivoli Sundaramurthy Durgadevi Velusamy ",NULL,NULL,NULL,False,NULL,NULL,article,Journal,AUTOMATIKA,NULL,2023,6,64,783-797,"Scopus, Web of Sciences",Q1,NULL,10.1080/00051144.2023.2218164,NULL,http://dx.doi.org/10.1080/00051144.2023.2218164,NULL,False,False,1.9
2023JUxOQfh,"Analysis on the Impact of Lombard Effect on Speech Emotions using Machine Learning",JUL,2023,JUN,2024,"Indirapriyadarshini A Mahima S Shahina A Uma Maheswari, Nayeemulla Khan",NULL,NULL,NULL,False,NULL,NULL,article,Journal,"International Journal of Computing and Digital Systems",NULL,2023,8,NULL,NULL,Scopus,Q3,NULL,10.12785/ijcds/140133,NULL,http://dx.doi.org/10.12785/ijcds/140133,NULL,False,False,NULL
2023LByTSIg,"Snooping for Fake News: A Cascaded Approach Using Stance Detection and Entailment Classification",JUL,2022,JUN,2023,"Williams, E.A., Karthik, M., Shahina, A., Murali, H., Safiyyah, N., Nayeemulla Khan, A.",NULL,NULL,NULL,False,NULL,NULL,inbook,"Book Chapter",NULL,NULL,2023,6,1021,NULL,Scopus,NULL,NULL,10.1007/978-981-99-1051-9_11,NULL,NULL,NULL,False,False,NULL
2023mQLrHpa,"Hybrid intelligent intrusion detection system for multiple Wi-Fi attacks in wireless networks using stacked restricted Boltzmann machine and deep belief networks",JUL,2023,JUN,2024,"Nivaashini Mathappan Suganya Elavarasan Sountharrajan Sehar ",NULL,NULL,NULL,False,NULL,NULL,article,Journal,"CONCURRENCY AND COMPUTATION-PRACTICE and EXPERIENCE",NULL,2023,10,35,NULL,"Scopus, Web of Sciences",Q1,NULL,10.1002/cpe.7769,NULL,http://dx.doi.org/10.1002/cpe.7769,0976-0997,False,False,2
2023msoJEVR,"Classification of inter-patient's cardiac arrhythmias in ECG signals with enhanced Jaya optimized TQWT parameters and stacked ensemble algorithm",JUL,2023,JUN,2024,"Karthikeyan Ramasamy Kiruthika Balakrishnan Durgadevi Velusamy ",NULL,NULL,NULL,False,NULL,NULL,article,Journal,"SOFT COMPUTING",NULL,2023,8,27,NULL,"Scopus, Web of Sciences",Q1,NULL,10.1007/s00500-023-08688-7,NULL,http://dx.doi.org/10.1007/s00500-023-08688-7,NULL,False,False,4.1
2023nDxlWVM,"Classification of skin cancer from dermoscopic images using deep neural network architectures",JUL,2022,JUN,2023,"Jaisakthi S M Mirunalini P Chandrabose Aravindan Rajagopal Appavu",NULL,NULL,NULL,False,NULL,NULL,article,Journal,"MULTIMEDIA TOOLS AND APPLICATIONS",NULL,2023,4,82,15763-15778,"Scopus, Web of Sciences",Q1,NULL,10.1007/s11042-022-13847-3,NULL,http://dx.doi.org/10.1007/s11042-022-13847-3,NULL,False,False,3.6
2023NuJSTKD,"Scalable Hridaya kolam and Aishwarya kolam",JUL,2022,JUN,2023,"R. Srinivasan   ",NULL,NULL,NULL,False,NULL,NULL,article,Journal,"Journal of Mathematics and the Arts",NULL,2023,3,NULL,NULL,"Scopus, Web of Sciences",Q1,NULL,10.1080/17513472.2023.2185055,NULL,http://dx.doi.org/10.1080/17513472.2023.2185055,NULL,False,False,0.2
2023OEnRwxk,"Hierarchical Text Summarization Using Semantic Similarity.",JUL,2022,JUN,2023,"Divya , S & Sripriya , N.",NULL,NULL,NULL,False,NULL,NULL,inbook,"Book Chapter","Research Highlights in Language, Literature and Education",NULL,2023,6,6,NULL,NULL,NULL,NULL,10.9734/bpi/rhlle/v6/19261D,NULL,https://stm.bookpi.org/RHLLE-V6/issue/view/1073,NULL,False,False,NULL
2023ogwuVoo,"Determining the Severity of Dementia Using Ensemble Learning",JUL,2022,JUN,2023,NULL,NULL,NULL,NULL,False,NULL,NULL,inbook,"Book Chapter",NULL,NULL,2023,1,NULL,NULL,NULL,NULL,NULL,NULL,NULL,NULL,NULL,False,False,NULL
2023oxBrXJX,"Attention U2Net: U 2 Nets Cascaded UNets with Modified Skip Connection for Breast Tumor Segmentation",JUL,2023,JUN,2024,"S. Dhivya S. Mohanavalli K. B. Sundharakumar I. Thamarai",NULL,NULL,NULL,False,NULL,NULL,article,Journal,"NEURAL PROCESSING LETTERS",NULL,2023,12,9,11863-11883,"Scopus, Web of Sciences",Q2,NULL,10.1007/s11063-023-11400-3,NULL,http://dx.doi.org/10.1007/s11063-023-11400-3,2352-4847,False,False,3.1
2023pLWjnhz,"Automated carcinoma classification using efficient nuclei-based patch selection and deep learning techniques",JUL,2023,JUN,2024,"S. Dhivya S. Mohanavalli S. Kavitha ",NULL,NULL,NULL,False,NULL,NULL,article,Journal,"JOURNAL OF INTELLIGENT & FUZZY SYSTEMS",NULL,2023,7,45,NULL,"Scopus, Web of Sciences",Q1,NULL,10.3233/jifs-222136,NULL,http://dx.doi.org/10.3233/jifs-222136,1875-8967,False,False,1.7
2023QwByeUd,"Energetic and highly reliable photovoltaic power source assisted water pump control system design using IoT",JUL,2023,JUN,2024," N.S.G. Ganesh   V Arulkumar   R. Lathamanju   Priscilla Joy ",NULL,NULL,NULL,False,NULL,NULL,article,Journal,"The Scientific Temper",NULL,2023,12,14,1289-1284,"Web of Sciences",Q2,NULL,10.58414/SCIENTIFICTEMPER.2023.14.4.34,NULL,https://doi.org/10.58414/SCIENTIFICTEMPER.2023.14.4.34,2525-8761,False,False,NULL
2023rAzWJyT,"Single event performance of FED based SRAMs using numerical simulation",JUL,2022,JUN,2023,"Sasikala PanneerSelvam Susanta Kumar Pal Premanand Venkatesh Chandramani Srinivasan Raj",NULL,NULL,NULL,False,NULL,NULL,article,Journal,"MICROELECTRONICS RELIABILITY",NULL,2023,3,NULL,NULL,"Scopus, Web of Sciences",Q2,NULL,10.1016/j.microrel.2023.114930,NULL,http://dx.doi.org/10.1016/j.microrel.2023.114930,0026-2714,False,False,1.6
2023rdBrKGM,"Optimizing high-utility item mining using hybrid dolphin echolocation and Boolean grey wolf optimization",JUL,2022,JUN,2023,"N. Pazhaniraja S. Sountharrajan E. Suganya M. Karthiga",NULL,NULL,NULL,False,NULL,NULL,article,Journal,"Journal of Ambient Intelligence and Humanized Computing",NULL,2023,3,14,NULL,Scopus,Q1,NULL,10.1007/s12652-022-04488-3,NULL,http://dx.doi.org/10.1007/s12652-022-04488-3,NULL,False,False,0
2023TmGxrab,"Fake news detection using a deep learning transformer based encoder-decoder architecture",JUL,2023,JUN,2024,"M. Badri Narayanan Arun Kumar Ramesh K.S. Gayathri A. Shahina",NULL,NULL,NULL,False,NULL,NULL,article,Journal,"JOURNAL OF INTELLIGENT & FUZZY SYSTEMS",NULL,2023,11,45,8001-8013,"Scopus, Web of Sciences",Q1,NULL,10.3233/jifs-223980,NULL,http://dx.doi.org/10.3233/jifs-223980,0976-0997,False,False,1.7
2023tvXtpdc,"Transformer based model for offensive content recognition in dravidian languages",JUL,2023,JUN,2024,"S Divya N Sripriya  ",NULL,NULL,NULL,False,NULL,NULL,article,Journal,"Brazilian Journal of Development",NULL,2023,12,NULL,NULL,NULL,NULL,NULL,10.34117/bjdv9n12-006,NULL,http://dx.doi.org/10.34117/bjdv9n12-006,NULL,False,False,NULL
2023UMnBlFl,"A Miniaturized Penta-band Metamaterial THz Absorber for Sensing and Imaging Applications",JUL,2023,JUN,2024,"Swathika Rengasamy Radha Natarajan Vishvaksenan Kuttathati S None",NULL,NULL,NULL,False,NULL,NULL,article,Journal,Plasmonics,NULL,2023,10,18,NULL,"Scopus, Web of Sciences",Q2,NULL,10.1007/s11468-023-01914-w,NULL,http://dx.doi.org/10.1007/s11468-023-01914-w,NULL,False,False,3
2023uMngWJI,"Diabetic Retinopathy Diagnosis Using Interval Neutrosophic Segmentation with Deep Learning Model",JUL,2023,JUN,2024,"V. Thanikachalam M. G. Kavitha V. Sivamurugan ",NULL,NULL,NULL,False,NULL,NULL,article,Journal,"Computer Systems Science and Engineering",NULL,2023,12,44,2129-2145,"Scopus, Web of Sciences",Q2,NULL,10.32604/csse.2023.026527,NULL,http://dx.doi.org/10.32604/csse.2023.026527,NULL,False,False,NULL
2023VwsaGcP,"Hybrid Convolutional Neural Network for Plant Diseases Prediction",JUL,2022,JUN,2023,"S. Poornima N. Sripriya Adel Fahad Alrasheedi S. S. Askar, Mohamed Abouhawwash",NULL,NULL,NULL,False,NULL,NULL,article,Journal,"Intelligent Automation and Soft Computing",NULL,2023,1,36,2393-2409,"Scopus, Web of Sciences",Q2,NULL,10.32604/iasc.2023.024820,NULL,http://dx.doi.org/10.32604/iasc.2023.024820,1079-8587,False,False,2
2023woQwvMS,"Challenges and Opportunities for Green Energy Harvesting in Sustainable IoT Systems",JUL,2023,JUN,2024,"S. SankaranathM. KarthigaS. SountharrajanE. Suganya",NULL,NULL,NULL,False,NULL,NULL,inbook,"Book Chapter","Energy Harvesting Trends for Low Power Compact Electronic Devices",NULL,2023,9,NULL,NULL,NULL,NULL,NULL,NULL,NULL,NULL,NULL,False,False,NULL
2023xaNTNTA,"Miniaturized Multi-Spectral Perfect Metamaterial Absorber for THz Sensing, Imaging and Spectroscopic Applications",JUL,2022,JUN,2023,"Swathika Rengasamy Radha Natarajan Vishvaksenan Kuttathati S None",NULL,NULL,NULL,False,NULL,NULL,article,Journal,Plasmonics,NULL,2023,4,18,NULL,"Scopus, Web of Sciences",Q2,NULL,10.1007/s11468-023-01793-1,NULL,http://dx.doi.org/10.1007/s11468-023-01793-1,NULL,False,False,3
2023ycFGPKy,"Privacy Enhancement for Wireless Sensor Networks and the Internet of Things Based on Cryptological Techniques",JUL,2023,JUN,2024,"M. Karthiga A. Indirani S. Sankarananth S. S. Sountharrajan, E. Suganya",NULL,NULL,NULL,False,NULL,NULL,inbook,"Book Chapter","Wireless Communication for Cybersecurity",NULL,2023,10,NULL,NULL,NULL,NULL,NULL,NULL,NULL,NULL,NULL,False,False,NULL
2023yeXCfcU,"Clinical Decision Support System for Ophthalmologists for Eye Disease Classification",JUL,2023,JUN,2024,"V. Sivamurugan P. Indumathi V. Thanikachalam R. Rajakumar",NULL,NULL,NULL,False,NULL,NULL,article,Journal,"IETE JOURNAL OF RESEARCH",NULL,2023,12,NULL,NULL,"Scopus, Web of Sciences",Q2,NULL,10.1080/03772063.2022.2101552,NULL,http://dx.doi.org/10.1080/03772063.2022.2101552,NULL,False,False,NULL
2023ZNMVlTw,"AI-enabled metaheuristic optimization for predictive management of renewable energy production in smart grids",JUL,2023,JUN,2024,"S Sankarananth M Karthiga E Suganya S Sountharrajan, Durga Prasad Bavirisetti",NULL,NULL,NULL,False,NULL,NULL,article,Journal,"ENERGY REPORTS",NULL,2023,11,10,1299-1312,"Scopus, Web of Sciences",Q2,NULL,10.1016/j.egyr.2023.08.005,NULL,http://dx.doi.org/10.1016/j.egyr.2023.08.005,NULL,False,False,5.2
2024dCAUbNH,"Service application model design for users using fuzzy semantic ontology model in cloud computing",JUL,2023,JUN,2024,"V. Arulkumar A. Sandana Karuppan Sini Anna Alex R. Lathamanju",NULL,NULL,NULL,False,NULL,NULL,article,Journal,"Journal of Intelligent & Fuzzy Systems",NULL,2024,2,46,3811-3826,"Scopus, Web of Sciences",Q1,NULL,10.3233/jifs-235130,NULL,http://dx.doi.org/10.3233/jifs-235130,1875-8967,False,False,1.7
2024dicRhOr,"Multi-Choice Diet Recommendation Application for Indian Scenario Based on Insights from Ensemble Learning Techniques",JUL,2023,JUN,2024,"Karthika Subbaraj",NULL,NULL,NULL,False,NULL,NULL,article,Journal,"Engineering Proceedings",NULL,2024,3,62,NULL,Scopus,Q4,NULL,10.3390/engproc2024062013,NULL," https://doi.org/10.3390/engproc2024062013",NULL,False,False,NULL
2024eurQjTr,"Recurrence plot embeddings as short segment nonlinear features for multimodal speaker identification using air, bone and throat microphones.",JUL,2023,JUN,2024,"Nawas, K.K., Shahina, A., Balachandar, K.",NULL,NULL,NULL,False,NULL,NULL,article,Journal,"SCIENTIFIC REPORTS",NULL,2024,5,14,NULL,"Scopus, Web of Sciences",Q1,NULL,10.1038/s41598-024-62406-3,NULL,https://doi.org/10.1038/s41598-024-62406-3,2045-2322,False,False,3.8
2024fDBdgiQ,"An efficient Moving object, Encryption, Compression and Interpolation technique for video steganography",JUL,2024,JUN,2025,"R. Roselinkiruba T. Sree Sharmila J. K. Josephine Julina ",NULL,NULL,NULL,False,NULL,NULL,article,Journal,"Multimedia Tools and Applications",NULL,2024,7,83,NULL,"Scopus, Web of Sciences",Q1,NULL,10.1007/s11042-023-17930-1,NULL,http://dx.doi.org/10.1007/s11042-023-17930-1,1573-7721,False,False,3
2024FdJZShO,"Multilingual Fake News Detection in Low-Resource Languages: A Comparative Study Using BERT and GPT-3.5",JUL,2024,JUN,2025,"Anirudh, K., Srikanth, M., Shahina, A.",NULL,NULL,NULL,False,NULL,NULL,inbook,"Book Chapter","Speech and Language Technologies for Low-Resource Languages. SPELLL 2023. Communications in Computer and Information Science,",NULL,2024,NULL,NULL,NULL,NULL,Q3,NULL,10.1007/978-3-031-58495-4_28,NULL,NULL,NULL,False,False,NULL
2024FKOPGAw,"Vulnerability Analysis of Critical Resources Using Machine Learning",JUL,2023,JUN,2024,"Subbaraj Karthika",NULL,NULL,NULL,False,NULL,NULL,inbook,"Book Chapter","Proceedings of Fifth International Conference on Computer and Communication Technologies, Lecture Notes in Networks and Systems",NULL,2024,3,NULL,NULL,NULL,Q4,NULL,10.1007/978-981-99-9707-7_29,NULL,NULL,NULL,False,False,NULL
2024HIMdqRy,"Revolutionizing dementia detection: Leveraging vision and Swin transformers for early diagnosis",JUL,2023,JUN,2024,"Rini PL Gayathri KS  ",NULL,NULL,NULL,False,NULL,NULL,article,Journal,"American Journal of Medical Genetics Part B: Neuropsychiatric Genetics (AJMGB)",NULL,2024,4,195,NULL,"Scopus, Web of Sciences",Q1,NULL,10.1002/ajmg.b.32979,NULL,https://doi.org/10.1002/ajmg.b.32979,1552-4841,False,False,1.6
2024htBgFIx,"ProTect: a hybrid deep learning model for proactive detection of cyberbullying on social media",JUL,2023,JUN,2024,"T. Nitya Harshitha M. Prabu E. Suganya S. Sountharrajan, Durga Prasad Bavirisetti, Navya Gadde, Lakshmi Sahithi Uppu",NULL,NULL,NULL,False,NULL,NULL,article,Journal,"Frontiers in Artificial Intelligence",NULL,2024,3,7,NULL,"Scopus, Web of Sciences",Q2,NULL,10.3389/frai.2024.1269366,NULL,http://dx.doi.org/10.3389/frai.2024.1269366,2624-8212,False,False,3
2024INzAzkE,"An Automated Graph-Based Neural Network Model for Predicting Urban Environmental Air Quality Using Spatio-Temporal Data Optimization",JUL,2023,JUN,2024,"Yogapriya J. Deepa S. Radha N. Madhumitha E.",NULL,NULL,NULL,False,NULL,NULL,article,Journal,"Global NEST: the international Journal",NULL,2024,3,27,NULL,"Scopus, Web of Sciences",Q3,NULL,10.30955/gnj.005598,NULL,http://dx.doi.org/10.30955/gnj.005598,NULL,False,False,1
2024JPRVqio,"Eeg based smart emotion recognition using meta heuristic optimization and hybrid deep learning techniques",JUL,2024,JUN,2025,"Karthiga, M., Suganya, E., Sountharrajan, S, Balamurugan Balusamy, Shitharth Selvarajan, ",NULL,NULL,NULL,False,NULL,NULL,article,Journal,"Scientific Reports",NULL,2024,12,14,NULL,"Scopus, Web of Sciences",Q1,NULL,10.1038/s41598-024-80448-5,NULL,https://doi.org/10.1038/s41598-024-80448-5,2045-2322,False,False,3.8
2024JUL101002pssr202500017,"Advancements in P-type Wide and Ultra-Wide Bandgap Oxide Semiconductors for Prospective Applications",JUL,2024,JUN,2025,"Arige Sumanth","Vikash Mishra","Srungarapu Leela Nagendra","Mamidanna Sri Ramachandra Rao, Tejendra Dixit",No,NULL,NULL,article,Journal,"physica status solidi (RRL) - Rapid Research Letters",Wiley,2025,5,0,NULL,Scopus,Q2,0,10.1002/pssr.202500017,NULL,https://doi.org/10.1002/pssr.202500017,"1862-6254 1862-6270",False,False,2.5
2024JUL101007978303182706834,"Content-Based Image Retrieval Using Quaternion Discrete Cosine Transform",JUL,2024,JUN,2025,"Nepoleon Keisham","Arambam Neelima",NULL,NULL,No,NULL,NULL,inbook,"Book Chapter","Learning and Analytics in Intelligent Systems","Springer Nature Switzerland",2025,3,0,335-345,Scopus,NULL,0,10.1007/978-3-031-82706-8_34,NULL,https://doi.org/10.1007/978-3-031-82706-8_34,"2662-3447 2662-3455",False,False,NULL
2024JUL101007978303190478322,"Abnormal Sitting Posture Recognition Using Skeletal Framework and Deep Learning Techniques",JUL,2024,JUN,2025,"K. S. Gayathri","A. Piriyadharshini","B. Thejesswini","Pranesh Kumar",Yes,"A. Piriyadharshini, B. Thejesswini, Pranesh Kumar",2022-2026,inbook,"Book Chapter","Information Systems Engineering and Management","Springer Nature Switzerland",2025,05,0,258-269,Scopus,NULL,0,10.1007/978-3-031-90478-3_22,NULL,https://doi.org/10.1007/978-3-031-90478-3_22,"3004-958X 3004-9598",False,False,NULL
2024JUL101016jbea2025100167,"ECG-based cardiac arrhythmia classification using fuzzy encoded features and deep neural networks",JUL,2024,JUN,2025,"Kiruthika Balakrishnan","Durgadevi Velusamy","Karthikeyan Ramasamy","Lisiane Pruinelli",No,NULL,NULL,article,Journal,"Biomedical Engineering Advances","Elsevier BV",2025,6,9,100167,Scopus,NULL,0,10.1016/j.bea.2025.100167,NULL,https://doi.org/10.1016/j.bea.2025.100167,2667-0992,False,False,NULL
2024JUL101016jbspc2025107729,"Optimized Alzheimer disorder classification with DACN-MFFN utilizing OBLDE-TDO enhanced deep neural network features",JUL,2024,JUN,2025,"M. Karthiga","E. Suganya","S. Sountharrajan","J. Jeyalakshmi, Sindhu Ravindran, Shahrol Mohamaddan",No,NULL,NULL,article,Journal,"Biomedical Signal Processing and Control","Elsevier BV",2025,3,106,107729,Scopus,Q1,0,10.1016/j.bspc.2025.107729,NULL,https://doi.org/10.1016/j.bspc.2025.107729,1746-8094,False,False,NULL
2024JUL101016jbspc2025108118,"A hybrid deep learning approach using XceptionNet and vision transformer for accurate chest disease detection from X-ray images",JUL,2024,JUN,2025,"R. Bhuvanya","V. Vanitha","M.Mohamed Iqbal","Ankur Dumka, Rajesh Singh, Anita Gehlot, Amit Kumar Thakur",No,NULL,NULL,article,Journal,"Biomedical Signal Processing and Control","Elsevier BV",2025,12,110,108118,Scopus,Q1,0,10.1016/j.bspc.2025.108118,NULL,https://doi.org/10.1016/j.bspc.2025.108118,1746-8094,False,False,4.9
2024JUL101038s41598025951183,"An optimized deep learning based hybrid model for prediction of daily average global solar irradiance using CNN SLSTM architecture",JUL,2024,JUN,2025,"Yuvaraj Mariappan","Karthikeyan Ramasamy","Durgadevi Velusamy",NULL,No,NULL,NULL,article,Journal,"Scientific Reports","Springer Science and Business Media LLC",2025,3,15,10761,Scopus,Q1,1,10.1038/s41598-025-95118-3,NULL,https://doi.org/10.1038/s41598-025-95118-3,2045-2322,False,False,3.8
2024JUL101109access20253569606,"Fusion of Multimodal Audio Data for Enhanced Speaker Identification Using Kolmogorov-Arnold Networks",JUL,2024,JUN,2025,"Aryaman Tamotia","Dhruv Shantu Karmokar","Rethi Komal","K. Khadar Nawas, A. Shahina, A. Nayeemulla Khan",No,NULL,NULL,article,Journal,"IEEE Access","Institute of Electrical and Electronics Engineers (IEEE)",2025,May,13,87640-87653,Scopus,Q1,0,10.1109/access.2025.3569606,NULL,https://doi.org/10.1109/access.2025.3569606,2169-3536,False,False,3.557
2024JUL101109ice63309202510983977,"Automating Defect Detection for the Preservation of Historical Structures",JUL,2024,JUN,2025,"Balakumar G","Bhuvaneswarran T","Sreehari Veeramachaneni",NULL,Yes,"Balakumar G, Bhuvaneswarran T",2021-2025,inproceedings,Conference,"2025 International Conference on Innovation in Computing and Engineering (ICE)",IEEE,2025,2,0,1-6,Scopus,NULL,0,10.1109/ice63309.2025.10983977,NULL,https://doi.org/10.1109/ice63309.2025.10983977,NULL,False,False,NULL
2024JUL101109ice63309202510984065,"Intelligent Road Condition Monitoring and Analysis for Safer Highways",JUL,2024,JUN,2025,"M. Mohamed Iqbal","Nandhana S","Vijay V","Sreehari Veeramachaneni",Yes,"Nandhana S, Vijay V",NULL,inproceedings,Conference,"2025 International Conference on Innovation in Computing and Engineering (ICE)",IEEE,2025,2,0,1-6,Scopus,NULL,0,10.1109/ice63309.2025.10984065,NULL,https://doi.org/10.1109/ice63309.2025.10984065,NULL,False,False,NULL
2024JUL1021917ijsc20250509,"SEMANTIC BASED EXTRACTIVE DOCUMENT SUMMARIZATION USING DEEP LEARNING MODEL",JUL,2024,JUN,2025,"Divya S","Sripriya N",NULL,NULL,No,NULL,NULL,article,Journal,"ICTACT Journal on Soft Computing","ICT Academy",2025,1,15,3669-3681,Scopus,NULL,0,10.21917/ijsc.2025.0509,NULL,https://doi.org/10.21917/ijsc.2025.0509,"0976-6561 2229-6956",False,False,NULL
2024JUL1024874pes0701d007,"TOWARDS SEED SELECTION AND YIELD ASSESSMENT FOR AGRICULTURAL PRODUCTIVITY IN INDIA",JUL,2024,JUN,2025,"Durai Selvaraj","Sujithra Thandapani","Mohamed Iqbal Mahaboob","K Kishore Kumar",No,NULL,NULL,article,Journal,"Proceedings on Engineering Sciences","Faculty of Engineering, University of Kragujevac",2025,3,7,507-516,Scopus,Q3,0,10.24874/pes07.01d.007,NULL,https://doi.org/10.24874/pes07.01d.007,"2620-2832 2683-4111",False,False,NULL
2024JUL107717peerjcs2424,"Unified extractive-abstractive summarization: a hybrid approach utilizing BERT and transformer models for enhanced document summarization",JUL,2024,JUN,2025,"Divya S.","Sripriya N.","J. Andrew","Manuel Mazzara",No,NULL,NULL,article,Journal,"PeerJ Computer Science",PeerJ,2024,11,10,e2424,Scopus,Q1,1,10.7717/peerj-cs.2424,NULL,https://doi.org/10.7717/peerj-cs.2424,2376-5992,False,False,NULL
2024JULKPOGbKc,"Genre Classification of English and Tamil Songs using CNN",JUL,2024,JUN,2025,"Sripriya N","Divya S","Jerin J",Keerthana,No,NULL,NULL,article,Journal,"INDIAN JOURNAL OF NATURAL SCIENCES (IJONS)","TamilNadu Scientific Research Organisation",2024,8,15,76400-76405,NULL,NULL,0,NULL,NULL,https://tnsroindia.org.in/JOURNAL/issue85/IJONS%20-%20ISSUE%2085%20%20AUG%202024%20-%20%20FRONT%20PAGE%20-%20PART%2001.pdf,"0976 – 0997",False,False,NULL
2024LLYrNUx,"Multi-objective cluster head-based energy aware routing using optimized auto-metric graph neural network for secured data aggregation in Wireless Sensor Network",JUL,2023,JUN,2024,"Ashwinth Janarthanan, Vidhusha Srinivasan",NULL,NULL,NULL,False,NULL,NULL,article,Journal,"International Journal of Communication Systems",NULL,2024,2,37,NULL,"Scopus, Web of Sciences",Q2,NULL,10.1002/dac.5664,NULL,https://doi.org/10.1002/dac.5664,1099-1131,False,False,1.7
2024nkGwuHk,"Security and Confidentiality Concerns in Blockchain Technology: A Review",JUL,2024,JUN,2025,"GP Kanna, MJ Abinash, Y Kumar, J Kumar, E Suganya “Security and Confidentiality Concerns in Blockchain Technology: A Review” in Wireless Communication in Cyber Security, 2023",NULL,NULL,NULL,False,NULL,NULL,inbook,"Book Chapter","Wireless Communication in Cyber Security",NULL,2024,10,NULL,NULL,NULL,NULL,NULL,NULL,NULL,NULL,NULL,False,False,NULL
2024nNTAYrL,"Multimodal Fusion and Cutting-Edge AI-Based Smart Vending Machines for Electronic Component Management",JUL,2024,JUN,2025,"M. Karthiga, S. B. Rahayu, E. Suganya, S. Sankarananth, S. Sountharrajan and K. Venkatesan",NULL,NULL,NULL,False,NULL,NULL,article,Journal,"IEEE Access",NULL,2024,12,13,6029-6053,"Scopus, Web of Sciences",Q1,NULL,10.1109/ACCESS.2024.3523774,NULL,NULL,2169-3536,False,False,3.4
2024OngGNas,"Categorization of Indian residential consumers electrical energy consumption pattern using clustering and classification techniques",JUL,2023,JUN,2024,"Somasundaram Palaniappan Sundararaju Karuppannan Durgadevi Velusamy ",NULL,NULL,NULL,False,NULL,NULL,article,Journal,ENERGY,NULL,2024,2,289,NULL,"Scopus, Web of Sciences",Q3,NULL,10.1016/j.energy.2023.129992,NULL,http://dx.doi.org/10.1016/j.energy.2023.129992,0360-5442,False,False,9
2024OONJAUS,"Event-Based Epileptic Seizure Detection with Stacked Convolutional Restricted Boltzmann Machine",JUL,2024,JUN,2025,"Visalini K. Saravanan Alagarsamy Nagarajan D. ",NULL,NULL,NULL,False,NULL,NULL,article,Journal,"IETE JOURNAL OF RESEARCH",NULL,2024,8,70,4880-4889,"Scopus, Web of Sciences",Q2,NULL,10.1080/03772063.2023.2234854,NULL,http://dx.doi.org/10.1080/03772063.2023.2234854,NULL,False,False,1.3
2024rdTPOHh,"Cognitive decline assessment using semantic linguistic content and transformer deep learning architecture",JUL,2023,JUN,2024,"Rini PL Gayathri KS  ",NULL,NULL,NULL,False,NULL,NULL,article,Journal,"INTERNATIONAL JOURNAL OF LANGUAGE & COMMUNICATION DISORDERS",NULL,2024,6,59,1110-1127,"Scopus, Web of Sciences",Q1,NULL,10.1111/1460-6984.12973,NULL,http://dx.doi.org/10.1111/1460-6984.12973,NULL,False,False,1.5
2024rgmXkzs,"T2D Digital Twin: GV Analysis to Recommend Meds,",JUL,2024,JUN,2025,"Vaishnavi Anand, Alumni Batch 2024 and S. Karthika",NULL,NULL,NULL,False,NULL,NULL,article,Journal,"Indian Journal of Natural Sciences",NULL,2024,8,NULL,NULL,"Web of Sciences",NULL,NULL,NULL,NULL,NULL,NULL,False,False,NULL
2024sovquAE,"Intelligent Multi-Grade Brain Tumor Identification in MRI: A Metaheuristic-Based Uncertain Set Framework",JUL,2024,JUN,2025,"S. Alagarsamy, V. Govindaraj, A. Shahina and D. Nagarajan,",NULL,NULL,NULL,False,NULL,NULL,article,Journal,"IEEE Transactions on Artificial Intelligence",NULL,2024,11,5,5381-5391,Scopus,Q1,NULL,10.1109/TAI.2024.3441520,NULL,http://dx.doi.org/10.1109/TAI.2024.3441520,2691-4581,False,False,5.94
2024SRPcInO,"FEDDBN-IDS: federated deep belief network-based wireless network intrusion detection system",JUL,2023,JUN,2024,"Nivaashini M. Suganya E. Sountharrajan S. M. Prabu, Durga Prasad Bavirisetti",NULL,NULL,NULL,False,NULL,NULL,article,Journal,"EURASIP Journal on Information Security",NULL,2024,4,NULL,NULL,"Scopus, Web of Sciences",Q1,NULL,10.1186/s13635-024-00156-5,NULL,https://doi.org/10.1186/s13635-024-00156-5,NULL,False,False,2.5
2024tQXeNzN,"Smart system for identifying the various pathologies in MR brain image using Monkey Search based Interval Type-II Fuzzy C-Means technique.",JUL,2023,JUN,2024,"Garg, H., Alagarsamy, S., Nagarajan, D. et al.",NULL,NULL,NULL,False,NULL,NULL,article,Journal,"Multimed Tools Appl",NULL,2024,3,83,NULL,"Scopus, Web of Sciences",Q1,NULL,10.1007/s11042-024-18808-6,NULL,https://doi.org/10.1007/s11042-024-18808-6,1573-7721,False,False,3
2024uhUJEch,"Contribution of Python to Improving Efficiency in Artificial Intelligence and Advancing Automation Capabilities",JUL,2024,JUN,2025,"E Suganya ,Prabu M , Sountharrajan S",NULL,NULL,NULL,False,NULL,NULL,inbook,"Book Chapter","Smart Computing Techniques Industrial IoT",NULL,2024,10,NULL,NULL,NULL,Q3,NULL,10.1007/978-981-97-7494-4_11,NULL,NULL,NULL,False,False,NULL
2024UiYWitV,"Deep Learning based Pulmonary Embolism Detection using Convolutional Feature Maps of CT Pulmonary Angiography Images",JUL,2024,JUN,2025,"Sanjana Sukumar A. Harish A. Shahina Sanjana B, A. Nayeemulla Khan",NULL,NULL,NULL,False,NULL,NULL,inbook,"Book Chapter","Procedia Computer Science",NULL,2024,NULL,NULL,NULL,NULL,Q2,NULL,10.1016/j.procs.2024.03.221,NULL,NULL,NULL,False,False,NULL
2024uTloeeK,"An Extensive Study of Different Types of Leukemia using Image Processing Techniques",JUL,2023,JUN,2024,"M. Abirami Revathy S. Swathika R. K. C. Rajheshwari, T. A. Mohanaprakash",NULL,NULL,NULL,False,NULL,NULL,article,Journal,"International Journal of Intelligent Systems and Applications in Engineering",NULL,2024,1,12,586-596,Scopus,NULL,NULL,NULL,NULL,https://ijisae.org/index.php/IJISAE/article/view/4411,2147-6799,False,False,1.71
2024uxnkGnX,"A novel deep learning model for diabetic retinopathy detection in retinal fundus images using pre-trained CNN and HWBLSTM",JUL,2023,JUN,2024,"S. V. Hemanth Saravanan Alagarsamy T. Dhiliphan Rajkumar ",NULL,NULL,NULL,False,NULL,NULL,article,Journal,"Journal of Biomolecular Structure and Dynamics",NULL,2024,2,NULL,NULL,"Scopus, Web of Sciences",Q1,NULL,10.1080/07391102.2024.2314269,NULL,http://dx.doi.org/10.1080/07391102.2024.2314269,1538-0254,False,False,2.7
2024VgiVoDA,"Genetic algorithm based attention UNet optimization for breast tumor segmentation",JUL,2024,JUN,2025,"S Dhivya, S Mohanavalli",NULL,NULL,NULL,False,NULL,NULL,article,Journal,Genetika,NULL,2024,7,56,13-27,Scopus,Q3,NULL,10.2298/GENSR2401013D,NULL,https://doi.org/10.2298/GENSR2401013D,2683-3867,False,False,NULL
2024VGrQSlM,"Enhancing Cartoonification using GAN Learning",JUL,2024,JUN,2025,"Sreenivasa Chakravarthi SangapuS. V. S. ManognaS. SountharrajanE. Suganya",NULL,NULL,NULL,False,NULL,NULL,inbook,"Book Chapter","2024 IEEE International Conference for Women in Innovation, Technology & Entrepreneurship (ICWITE)",NULL,2024,NULL,NULL,NULL,NULL,NULL,NULL,10.1109/ICWITE59797.2024.10502522,NULL,NULL,NULL,False,False,NULL
2024WcsvFsM,"Development of Augmented Reality Platform Using Image Processing with Deep Learning Techniques",JUL,2023,JUN,2024,"Poornima S, N. Sripriya, M.G.Kavitha",NULL,NULL,NULL,False,NULL,NULL,article,Journal,"Journal of Electrical Systems",NULL,2024,4,20,249-256,"Scopus, Web of Sciences",Q4,NULL,10.52783/jes.1279,NULL,https://doi.org/10.52783/jes.1279,1112-5209,False,False,0.75
2024XfrIfbI,"Cycle-Consistent Generative Adversarial Network and Crypto Hash Signature Token-based Block chain Technology for Data Aggregation with Secured Routing in Wireless Sensor Networks",JUL,2023,JUN,2024,"Ashwinth Janarthanan Vidhusha Vidhusha  ",NULL,NULL,NULL,False,NULL,NULL,article,Journal,"International Journal of Communication Systems",NULL,2024,3,37,NULL,"Scopus, Web of Sciences",Q2,NULL,10.1002/dac.5675,NULL,http://dx.doi.org/10.1002/dac.5675,NULL,False,False,1.7
2024yfpoEAY,"IoT Sensor Data Retrieval and Analysis in Cloud Environments for Enhanced Power Management",JUL,2024,JUN,2025,"V. Arulkumar F. Kavin D. Arul Kumar Bharathiraja Nagu",NULL,NULL,NULL,False,NULL,NULL,article,Journal,"Journal of Advanced Research in Applied Sciences and Engineering Technology",NULL,2024,8,38,77-94,NULL,NULL,NULL,10.37934/araset.38.1.7788,NULL,https://doi.org/10.37934/araset.38.1.7788,2462-1943,False,False,NULL
2025JqPFjvX,"Enhancing Agricultural Productivity: IOT and Attention-Based CNN-BLSTM For Fine-Grained Crop Disease Detection",JUL,2024,JUN,2025,"Anitha C, Ambika B, P. Vasuki, T. Rajesh Kumar, D. Ebinezer, Sheeba Santhosh",NULL,NULL,NULL,False,NULL,NULL,article,Journal,"Journal of Machine and Computing",NULL,2025,1,5,255-263,Scopus,Q3,NULL,10.53759/7669/jmc202505020,NULL,https://doi.org/10.53759/7669/jmc202505020,2788-7669,False,False,NULL
2025JUL101007s40030025009149,"Rainfall Forecasting Model for Amaravathi Basin Using Machine Learning Approach",JUL,2015,JUN,2016,"R. Nirranjana","R. Aishwarya","S. Tejshree","K. S. Gayathri, Surendar Natarajan, P. Thirunavukkarasu",No,"R. Nirranjana, R. Aishwarya, S. Tejshree",2021-2025,article,Journal,"Journal of The Institution of Engineers (India): Series A","Springer Science and Business Media LLC",2025,8,0,NULL,Scopus,Q2,0,10.1007/s40030-025-00914-9,NULL,https://doi.org/10.1007/s40030-025-00914-9,"2250-2149 2250-2157",False,False,0.898
2025JUL101038s41598025047426,"Design of a low-delay 4-bit parallel prefix adder using QCA technology",JUL,2025,JUN,2026,"Tushar Niranjan","Anirban Nayak","Sreehari Veeramachaneni","Syed Ershad Ahmed",No,NULL,NULL,article,Journal,"Scientific Reports","Springer Science and Business Media LLC",2025,7,15,NULL,Scopus,Q1,0,10.1038/s41598-025-04742-6,NULL,https://doi.org/10.1038/s41598-025-04742-6,2045-2322,False,False,3.9
2025JUL1058346jisis2025i2052,"Neural Program Synthesis for Automatic Image Enhancement",JUL,2025,JUN,2026,"Vasuki P","Sripriya N","Jacindha S","Abishek G, Supriya Abirami A",No,"Abishek G, Supriya Abirami A",2020-2024,article,Journal,"Journal of Internet Services and Information Security","SASA Publications",2025,5,15,791-806,Scopus,Q2,0,10.58346/jisis.2025.i2.052,NULL,https://doi.org/10.58346/jisis.2025.i2.052,"2182-2069 2182-2077",False,False,0.4
2025zEbfCfm,"IoT botnet detection from software defined network using American zebra optimization algorithm with SSRNN-ELM",JUL,2024,JUN,2025,"Nalluri Venkata Madhu Bindu, Vinay Kumar Nassa, P. Vasuki, G. Manikandan, R. Jeena & R. Mahaveerakannan",NULL,NULL,NULL,False,NULL,NULL,article,Journal,"International Journal of Information Technology",NULL,2025,1,17,NULL,NULL,NULL,NULL,10.1007/s41870-024-02348-1,NULL,https://doi.org/10.1007/s41870-024-02348-1,2511-2112,False,False,NULL
